Fish,Date,Location,Site,CentralLatitude,CentralLongitude,AgeCategory,Species,TotalLength_mm,ForkLength_mm,TotalWeight_g,LiverWeight_g,GonadWeight_g,SubgonadWeight_g,Sex,Filet,FieldComments,DateWW,Vial_g,FiletandVialWW_g,Date_dw,FiletandVialDW_g,Comments,PercentMoisture,DmaDate,MassAnalyzed_g,Hg_ng,Hg_ug,Hg_ug_per_kgww,Hg_ug_per_kgdw,DmaComments
NF-YP-A-1,2020-09-08,Saint John River,NF,45.97149,-66.719803,Adult,Yellow Perch,240,230,149.9,1.361,2.87,1.811,F,Y,parasites in filet,2020-10-25,7.10058,10.69403,2020-10-29,7.89346,,77.93541,2020-12-10,0.0104,12.5989,0.0125989,267.2982068,1211.4352,
NF-YP-A-2,2020-09-08,Saint John River,NF,45.97149,-66.719803,Adult,Yellow Perch,191,184,81.5,0.703,2.33,,M,Y,parasites,2020-10-25,7.1048,9.96638,2020-10-29,7.72809,,78.21868,2020-11-25,0.0103,11.5042,0.0115042,243.2791101,1116.9161,
NF-YP-A-3,2020-09-08,Saint John River,NF,45.97149,-66.719803,Adult,Yellow Perch,183,176,70.7,0.598,0.68,,M,Y,,2020-12-15,7.04488,8.61644,2020-12-18,7.41676,,76.33689,,,,,,,
NF-YP-A-4,2020-09-08,Saint John River,NF,45.97149,-66.719803,Adult,Yellow Perch,193,185,90.2,0.955,1.229,,F,Y,a few parasites,2020-10-25,7.09663,8.86108,2020-10-29,7.48436,,78.02545,,,,,,,
NF-YP-A-5,2020-09-08,Saint John River,NF,45.97149,-66.719803,Adult,Yellow Perch,183,176,78.3,0.752,0.596,,F,Y,,2020-12-13,7.16772,9.0335,2020-12-16,7.59301,,77.20578,,,,,,,
NF-YP-A-6,2020-09-08,Saint John River,NF,45.97149,-66.719803,Adult,Yellow Perch,181,172,73.5,0.662,1.835,,M,Y,,2020-11-09,8.5231,11.93096,2020-11-12,9.24494,plus lid,78.81838,,,,,,,
NF-YP-A-7-DUP,2020-09-08,Saint John River,NF,45.97149,-66.719803,Adult,Yellow Perch,280,260,208.4,2.112,2.5,1.282,F,Y,,,,,,,,,,,,,,1300.7621,
NF-YP-A-7,2020-09-08,Saint John River,NF,45.97149,-66.719803,Adult,Yellow Perch,280,260,208.4,2.112,2.5,1.282,F,Y,,2020-10-25,7.02469,9.97848,2020-10-29,7.61136,,80.1384,2020-11-03,0.0103,15.2347,0.0152347,293.7724319,1479.0974,
NF-YP-A-8,2020-09-08,Saint John River,NF,45.97149,-66.719803,Adult,Yellow Perch,158,152,47.1,0.396,0.938,,M,Y,,2020-10-28,7.09802,9.06914,2020-11-03,7.52744,,78.21442,,,,,,,
NF-YP-A-9,2020-09-08,Saint John River,NF,45.97149,-66.719803,Adult,Yellow Perch,152,144,41.2,0.338,0.139,,F,Y,,2020-10-29,7.05593,9.2276,2020-11-03,7.50302,,79.41262,2020-12-11,0.0101,7.1074,0.0071074,144.8736546,703.7012,
NF-YP-A-10,2020-09-08,Saint John River,NF,45.97149,-66.719803,Adult,Yellow Perch,125,120,21.9,0.219,0.074,,F,Y,,,,,,,,,,,,,,,
NF-YP-A-11,2020-09-08,Saint John River,NF,45.97149,-66.719803,Adult,Yellow Perch,162,151,55.2,0.888,0.804,,F,Y,,2020-10-29,7.09243,9.1305,2020-11-03,7.4705,,81.44961,2020-12-10,0.0101,7.5836,0.0075836,139.2863513,750.8539,
NF-YP-A-12,2020-09-08,Saint John River,NF,45.97149,-66.719803,Adult,Yellow Perch,161,155,50.8,0.542,0.458,,F,Y,,,,,,,,,,,,,,,
NF SMB-A-3,2020-09-08,Saint John River,NF,45.97149,-66.719803,Adult,Smallmouth Bass,274,259,260.4,2.346,2.477,1,F,Y,,,,,,,,,,,,,,,
NF-YP-A-13,2020-09-08,Saint John River,NF,45.97149,-66.719803,Adult,Yellow Perch,111,106,15.8,NA,NA,,IM,N,,,,,,,,,,,,,,,
NF-YP-A-14-DUP,2020-09-09,Saint John River,NF,45.97149,-66.719803,Adult,Yellow Perch,238,229,161.6,1.596,2.978,1.261,F,Y,,,,,,,,,2020-12-10,0.0101,14.0019,0.0140019,,1386.3226,
NF-YP-A-14,2020-09-09,Saint John River,NF,45.97149,-66.719803,Adult,Yellow Perch,238,229,161.6,1.596,2.978,1.261,F,Y,,2020-10-25,7.05912,8.26473,2020-10-29,7.30977,,79.20969,2020-12-10,0.0102,14.5192,0.0145192,295.9389982,1423.4471,
NF-YP-A-15-DUP,2020-09-09,Saint John River,NF,45.97149,-66.719803,Adult,Yellow Perch,208,200,103.5,1.284,1.701,1.35,F,Y,,,,,,,,,2020-12-09,0.0103,6.1723,0.0061723,,599.2538,
NF-YP-A-15,2020-09-09,Saint John River,NF,45.97149,-66.719803,Adult,Yellow Perch,208,200,103.5,1.284,1.701,1.35,F,Y,,2020-10-25,7.05905,8.38866,2020-10-29,7.35577,,77.68368,2020-12-09,0.0101,6.4303,0.0064303,142.07934,636.6612,
NF-YP-A-16,2020-09-09,Saint John River,NF,45.97149,-66.719803,Adult,Yellow Perch,244,235,182.1,1.553,3.17,1.49,F,Y,,2020-10-29,7.02475,10.56418,2020-11-03,7.75723,,79.30514,2020-12-10,0.0103,16.3124,0.0163124,327.7507104,1583.7302,
NF-YP-A-17,2020-09-09,Saint John River,NF,45.97149,-66.719803,Adult,Yellow Perch,215,206,106.7,1.157,2.311,1.298,F,Y,,2020-10-28,7.07082,9.08075,2020-11-03,7.49166,,79.06196,,,,,,,
NF-YP-A-18,2020-09-09,Saint John River,NF,45.97149,-66.719803,Adult,Yellow Perch,185,176,74.7,0.743,0.8,,F,Y,,2020-10-25,7.07164,9.86122,2020-10-29,7.68074,,78.16517,2020-11-25,0.0103,5.9594,0.0059594,126.3332153,578.5858,
NF-YP-A-19,2020-09-09,Saint John River,NF,45.97149,-66.719803,Adult,Yellow Perch,247,238,168.1,1.277,2.321,1.07,F,Y,,2020-10-28,7.10268,9.05599,2020-11-03,7.51086,,79.10316,,,,,,,
NF-YP-A-20,2020-09-09,Saint John River,NF,45.97149,-66.719803,Adult,Yellow Perch,224,216,142.3,1.779,2.867,1.227,F,Y,,2020-10-28,7.09503,10.95217,2020-11-03,7.96376,,77.47735,2020-12-10,0.0104,8.8087,0.0088087,190.7645395,846.9899,
NF-YP-A-21,2020-09-09,Saint John River,NF,45.97149,-66.719803,Adult,Yellow Perch,203,194,107,1.341,1.77,1,F,Y,,2020-11-09,7.08831,11.295,2020-11-12,7.98828,,78.60622,2020-12-11,0.0101,8.3007,0.0083007,175.8249513,821.8508,
NF-YP-A-22,2020-09-09,Saint John River,NF,45.97149,-66.719803,Adult,Yellow Perch,180,173,69.5,0.514,1.759,,M,Y,,2020-10-25,7.0728,7.95019,2020-10-29,7.26765,,77.79209,2020-12-09,0.0105,8.7305,0.0087305,184.6532372,831.475,
NF-YP-A-23,2020-09-09,Saint John River,NF,45.97149,-66.719803,Adult,Yellow Perch,176,168,66.7,0.768,0.897,,F,Y,,2020-12-13,7.09439,10.89737,2020-12-16,7.93162,,77.9849,,,,,,,
NF-YP-A-24,2020-09-09,Saint John River,NF,45.97149,-66.719803,Adult,Yellow Perch,220,212,99.4,0.744,1.786,1.21,F,Y,,2020-12-13,7.12526,8.91371,2020-12-16,7.49069,,79.56722,,,,,,,
NF-YP-A-25,2020-09-09,Saint John River,NF,45.97149,-66.719803,Adult,Yellow Perch,211,202,108.2,1.01,1.71,1.029,F,Y,,2020-11-09,8.56147,13.16316,2020-11-12,9.58036,PLUS LID,77.85835,,,,,,,
NF-YP-A-26,2020-09-09,Saint John River,NF,45.97149,-66.719803,Adult,Yellow Perch,219,210,138.6,1.543,2.032,1.216,F,Y,,2020-11-09,7.11097,12.08152,2020-11-12,8.18784,,78.33499,,,,,,,
NF-YP-A-27,2020-09-09,Saint John River,NF,45.97149,-66.719803,Adult,Yellow Perch,187,180,82.7,1.229,1.149,,F,Y,,2020-12-16,7.08004,10.76822,2020-12-18,7.85652,,78.9468,,,,,,,
NF-YP-A-28,2020-09-09,Saint John River,NF,45.97149,-66.719803,Adult,Yellow Perch,186,178,76.9,1.049,1.062,,F,Y,,2020-10-25,7.02408,8.7887,2020-10-29,7.42015,,77.55494,2020-12-09,0.0102,9.0675,0.0090675,199.529392,888.968,
NF-YP-A-29,2020-09-09,Saint John River,NF,45.97149,-66.719803,Adult,Yellow Perch,221,211,123.1,0.993,3.226,,M,Y,,2020-11-09,8.61552,12.63049,2020-11-12,9.48436,PLUS LID,78.35999,2020-12-14,0.0105,19.5431,0.0195431,402.7739923,1861.2466,
NF-YP-A-30,2020-09-09,Saint John River,NF,45.97149,-66.719803,Adult,Yellow Perch,244,236,163.5,1.124,2.009,1.606,F,Y,,2020-10-25,7.08901,9.56223,2020-10-29,7.63758,,77.8196,2020-11-25,0.0102,13.1453,0.0131453,285.8518327,1288.7589,
NF-YP-A-31,2020-09-09,Saint John River,NF,45.97149,-66.719803,Adult,Yellow Perch,193,185,87.3,0.616,0.933,,M,Y,,2020-10-29,7.10739,9.13277,2020-11-03,7.52296,,79.48188,2020-12-10,0.0102,10.5706,0.0105706,212.6353206,1036.3292,
NF-YP-A-32,2020-09-09,Saint John River,NF,45.97149,-66.719803,Adult,Yellow Perch,172,165,65,0.738,0.578,,F,Y,,2020-11-09,8.72798,11.4136,2020-11-12,9.28969,PLUS LID,79.08453,2020-12-14,0.0102,21.245,0.021245,435.6361166,2082.8418,
NF-YP-A-33,2020-09-09,Saint John River,NF,45.97149,-66.719803,Adult,Yellow Perch,201,191,97.8,0.711,1.441,,M,Y,,2020-10-25,7.07124,9.69171,2020-10-29,7.67396,,76.99955,2020-12-09,0.0102,10.6758,0.0106758,240.733195,1046.6454,
NF-YP-A-34,2020-09-09,Saint John River,NF,45.97149,-66.719803,Adult,Yellow Perch,199,191,84.5,0.603,1.114,,M,Y,,2020-11-09,8.62071,11.45352,2020-11-12,9.25379,PLUS LID,77.65187,,,,,,,
NF-YP-A-35,2020-09-09,Saint John River,NF,45.97149,-66.719803,Adult,Yellow Perch,171,164,59.7,0.71,0.922,,M,Y,,2020-11-09,8.54526,11.20844,2020-11-12,9.13309,PLUS LID,77.92752,2020-12-14,0.0103,14.2945,0.0142945,306.3258505,1387.8177,
NF-YP-A-36-DUP,2020-09-09,Saint John River,NF,45.97149,-66.719803,Adult,Yellow Perch,171,164,65.8,0.817,0.742,,M,Y,,,,,,,,,2020-12-14,0.0104,16.3181,0.0163181,,1569.0479,
NF-YP-A-36,2020-09-09,Saint John River,NF,45.97149,-66.719803,Adult,Yellow Perch,171,164,65.8,0.817,0.742,,M,Y,,2020-11-09,7.08671,8.77499,2020-11-12,7.43589,,79.31741,2020-12-14,0.0102,16.1812,0.0161812,328.1064282,1586.3896,
NF-YP-A-37,2020-09-09,Saint John River,NF,45.97149,-66.719803,Adult,Yellow Perch,179,171,63.4,0.741,0.842,,M,Y,,2020-10-29,7.10679,8.43721,2020-11-03,7.36528,,80.5708,2020-12-11,0.0105,6.0643,0.0060643,112.2136134,577.5513,
NF-YP-A-38,2020-09-10,Saint John River,NF,45.97149,-66.719803,Adult,Yellow Perch,294,284,237.2,2.393,4.739,2.234,F,Y,,2020-11-09,7.07601,11.20402,2020-11-12,7.92855,,79.34743,,,,,,,
NF-YP-A-39,2020-09-10,Saint John River,NF,45.97149,-66.719803,Adult,Yellow Perch,218,210,122.2,1.851,2.331,2.331,F,Y,weird back deformity,,,,,,,,2020-12-09,0.0103,14.7067,0.0147067,,1427.8347,
NF-YP-A-40,2020-09-10,Saint John River,NF,45.97149,-66.719803,Adult,Yellow Perch,239,231,148.8,2.073,3.281,3.281,F,Y,,,,,,,,,,,,,,,
NF-YP-A-41,2020-09-10,Saint John River,NF,45.97149,-66.719803,Adult,Yellow Perch,225,215,129.2,1.365,1.945,1.945,F,Y,,2020-12-16,7.10984,11.52858,2020-12-18,8.09395,,77.72872,,,,,,,
NF-YP-A-42,2020-09-10,Saint John River,NF,45.97149,-66.719803,Adult,Yellow Perch,203,195,102.2,1.376,1.929,1929,F,Y,,2020-12-14,7.06182,8.39804,2020-12-16,7.35937,,77.73196,,,,,,,
NF-YP-A-43,2020-09-10,Saint John River,NF,45.97149,-66.719803,Adult,Yellow Perch,196,188,78.9,0.954,1.2,1.2,F,Y,,2020-10-05,7.12437,8.61736,2020-10-29,7.4538,,77.93488,2020-11-04,0.0104,20.0576,0.0200576,425.550926,1928.6139,
NF-YP-A-44,2020-09-10,Saint John River,NF,45.97149,-66.719803,Adult,Yellow Perch,194,185,85.6,0.595,1.945,,M,Y,,2020-11-09,8.55899,12.65041,2020-11-12,9.43829,PLUS LID,78.50868,2020-12-14,0.0105,7.2229,0.0072229,147.837645,687.8948,
NF-SMB-A-4,2020-09-10,Saint John River,NF,45.97149,-66.719803,Adult,Smallmouth Bass,455,430,1140,14.179,20.56,1.386,F,Y,,2020-10-25,7.04497,9.6995,2020-10-29,7.63839,,77.64501,2020-11-03,0.0102,9.9228,0.0099228,217.4749846,972.8251,double check sheet
NF-SMB-A-5,2020-09-10,Saint John River,NF,45.97149,-66.719803,Adult,Smallmouth Bass,401,380,789,7.084,2.861,,M,Y,,2020-11-09,7.07633,11.25421,2020-11-12,7.94149,,79.29189,,,,,,,
NF-SMB-A-6,2020-09-15,Saint John River,NF,45.97149,-66.719803,Adult,Smallmouth Bass,436,416,1028,7.629,17.25,1.039,F,Y,,2020-10-25,7.05545,7.48996,2020-10-29,7.1606,,75.80033,2020-11-04,0.0101,34.4732,0.0344732,825.9808013,3413.1899,
NF-SMB-A-6-DUP,2020-09-15,Saint John River,NF,45.97149,-66.719803,Adult,Smallmouth Bass,436,416,1028,7.629,17.25,1.039,F,Y,,,,,,,,,2020-11-04,0.0104,35.8564,0.0358564,,3447.7288,
NF-SMB-A-7,2020-09-15,Saint John River,NF,45.97149,-66.719803,Adult,Smallmouth Bass,395,376,792,7.051,4.018,,M,Y,one otolith only,2020-12-15,7.0632,10.11519,2020-12-18,7.7645,,77.02155,,,,,,,
NF-SMB-A-8-DUP,2020-09-15,Saint John River,NF,45.97149,-66.719803,Adult,Smallmouth Bass,502,480,1615,19.876,25.658,1.335,F,Y,,,,,,,,,2020-12-10,0.0102,50.4232,0.0504232,,4943.4556,
NF-SMB-A-8,2020-09-15,Saint John River,NF,45.97149,-66.719803,Adult,Smallmouth Bass,502,480,1615,19.876,25.658,1.335,F,Y,,2020-10-29,7.04166,10.67102,2020-11-03,7.86662,,77.26982,2020-12-10,0.0104,54.5255,0.0545255,1191.706745,5242.8394,
NF-SMB-A-9,2020-09-15,Saint John River,NF,45.97149,-66.719803,Adult,Smallmouth Bass,366,345,657,6.339,3.683,,M,Y,,2020-10-29,7.22502,8.6666,2020-11-03,7.50069,,80.87723,2020-12-11,0.0103,26.4187,0.0264187,490.4842574,2564.9229,
NF-SMB-A-10,2020-09-15,Saint John River,NF,45.97149,-66.719803,Adult,Smallmouth Bass,385,366,653,4.918,9.857,1.362,F,Y,,2020-10-28,7.10569,10.02035,2020-11-03,7.76862,duplicate,77.25532,2020-12-11,0.0105,31.1813,0.0311813,675.4371159,2969.6492,
NF-SMB-A-11,2020-09-15,Saint John River,NF,45.97149,-66.719803,Adult,Smallmouth Bass,288,275,321,3.859,2.776,1.355,F,Y,,2020-12-14,7.13678,10.49768,2020-12-16,7.93617,,76.215,,,,,,,
NF-SMB-A-12,2020-09-15,Saint John River,NF,45.97149,-66.719803,Adult,Smallmouth Bass,348,332,548,4.063,2.83,,M,Y,,2020-10-28,7.09064,10.01289,2020-11-03,7.763,duplicate,76.9917,2020-12-10,0.0103,21.5322,0.0215322,480.9905028,2090.5088,
NF-SMB-A-13,2020-09-15,Saint John River,NF,45.97149,-66.719803,Adult,Smallmouth Bass,337,322,501,4.313,5.557,0.938,F,Y,,,,,,,,,2020-12-10,0.0102,26.7551,0.0267551,,2623.0459,
NF-SMB-A-14,2020-09-15,Saint John River,NF,45.97149,-66.719803,Adult,Smallmouth Bass,289,275,296,2.646,1.595,,M,Y,,2020-10-25,7.05241,7.96344,2020-10-29,7.25724,,77.51666,2020-12-08,0.0103,31.7117,0.0317117,692.2175699,3078.8018,
NF-SMB-A-15,2020-09-15,Saint John River,NF,45.97149,-66.719803,Adult,Smallmouth Bass,361,344,670,5.51,10.046,0.986,F,Y,lots of nematoed,2020-11-09,8.64631,12.7999,2020-11-12,9.59172,PLUS LID,77.23873,,,,,,,
NF-SMB-A-16,2020-09-15,Saint John River,NF,45.97149,-66.719803,Adult,Smallmouth Bass,258,243,218,2.269,1.262,,F,Y,only 1 otolith/parasites,2020-10-29,7.14239,8.84679,2020-11-03,7.5142,,78.18529,2020-12-10,0.0104,18.2289,0.0182289,382.3639154,1752.7798,
NF-SMB-A-17,2020-09-15,Saint John River,NF,45.97149,-66.719803,Adult,Smallmouth Bass,313,306,367,3.807,0.352,,M,Y,"large intrusion when caught, dead in morning",2020-10-28,7.15219,11.06601,2020-11-03,7.76368,,84.37613,,,,,,,
NF-SMB-A-18,2020-09-15,Saint John River,NF,45.97149,-66.719803,Adult,Smallmouth Bass,253,242,217,1.779,1.632,,F,Y,one borken otolith,2020-12-16,7.10378,8.25085,2020-12-18,7.37073,,76.72766,,,,,,,
NF-SMB-A-19,2020-09-15,Saint John River,NF,45.97149,-66.719803,Adult,Smallmouth Bass,254,242,212,2.407,1.52,,F,Y,,2020-12-16,7.12758,10.57983,,,not dry went back to FD,,,,,,,,
NF-SMB-A-20,2020-09-15,Saint John River,NF,45.97149,-66.719803,Adult,Smallmouth Bass,263,251,214,1.978,0.793,,M,Y,,2020-10-25,7.04732,9.78271,2020-10-29,7.67636,,77.00364,2020-12-08,0.0105,21.1563,0.0211563,463.350479,2014.8866,
NF-SMB-A-21,2020-09-15,Saint John River,NF,45.97149,-66.719803,Adult,Smallmouth Bass,253,242,203,1.879,1.215,,M,Y,,2020-10-25,7.09648,8.15564,2020-10-29,7.34193,,76.82598,2020-11-03,0.0104,8.7007,0.0087007,193.8760458,836.6093,
NF-SMB-A-22,2020-09-15,Saint John River,NF,45.97149,-66.719803,Adult,Smallmouth Bass,251,238,197,1.727,1.049,,M,Y,,2020-12-14,7.0091,12.5092,2020-12-16,8.25314,,77.3815,,,,,,,
NF-SMB-A-23,2020-09-15,Saint John River,NF,45.97149,-66.719803,Adult,Smallmouth Bass,239,229,169,,,,IM,Y,,2020-10-29,7.16245,7.96783,2020-11-03,7.33051,,79.13283,2020-12-11,0.0102,18.0993,0.0180993,370.2763618,1774.4447,
NF-YP-A-45,2020-09-15,Saint John River,NF,45.97149,-66.719803,Adult,Yellow Perch,171,164,59,0.604,3.618,,M,Y,,2020-12-13,7.13345,9.67446,2020-12-16,7.70546,,77.48887,,,,,,,
NF-YP-A-46,2020-09-15,Saint John River,NF,45.97149,-66.719803,Adult,Yellow Perch,226,220,123,1.045,5.725,,M,Y,,2020-10-25,7.12169,8.313,2020-10-29,7.34964,,80.8656,2020-12-01,0.0105,15.5094,0.0155094,282.6312692,1477.0847,
NF-YP-A-#1,2020-09-15,Saint John River,NF,45.97149,-66.719803,Adult,Yellow Perch,261,253,183.3,,,,,Y,,2020-10-25,7.07282,8.83691,2020-10-29,7.48094,,76.86513,2020-11-25,0.0103,12.2203,0.0122203,274.4811223,1186.4388,
NF-SMB-A-#1,2020-09-15,Saint John River,NF,45.97149,-66.719803,Adult,Smallmouth Bass,205,196,108.1,,,,,Y,,2020-10-25,7.09681,8.53824,2020-10-29,7.4421,,76.04532,2020-12-09,0.0102,10.769,0.010769,252.9096239,1055.7836,
NF-SMB-A-#2,2020-09-15,Saint John River,NF,45.97149,-66.719803,Adult,Smallmouth Bass,230,220,150.1,,,,,Y,,2020-10-25,7.09258,9.13408,2020-10-29,7.57739,,76.25227,2020-12-01,0.0103,15.2634,0.0152634,351.9134743,1481.8823,
NF-SMB-A-#3,2020-09-15,Saint John River,NF,45.97149,-66.719803,Adult,Smallmouth Bass,222,211,128.8,,,,,Y,,2020-12-15,7.08526,9.64737,2020-12-18,7.65833,,77.63289,,,,,,,
NF-SMB-A-#4,2020-09-15,Saint John River,NF,45.97149,-66.719803,Adult,Smallmouth Bass,202,193,99.9,,,,,Y,,2020-10-25,7.04437,10.44583,2020-10-29,7.80877,fluctuating last 2 digs,77.5273,2020-12-01,0.0102,27.7926,0.0277926,612.3291521,2724.7686,
NF-SMB-A-#4-DUP,2020-09-15,Saint John River,NF,45.97149,-66.719803,Adult,Smallmouth Bass,202,193,99.9,,,,,Y,,,,,,,,,2020-12-01,0.0105,28.6389,0.0286389,,2727.5161,
NF-SMB-A-#5,2020-09-15,Saint John River,NF,45.97149,-66.719803,Adult,Smallmouth Bass,212,201,123.4,,,,,Y,,2020-10-25,7.0744,8.33173,2020-10-29,7.36212,,77.11659,2020-12-09,0.0105,15.9501,0.0159501,347.6121813,1519.0575,
NF-SMB-A-24,2020-09-16,Saint John River,NF,45.97149,-66.719803,Adult,Smallmouth Bass,399,381,871,7.095,14.293,1.731,F,Y,frozen,2020-10-25,7.07628,9.05914,2020-10-29,7.52816,,77.2107,2020-11-25,0.0102,26.8414,0.0268414,599.7026631,2631.5093,
NF-SMB-A-25,2020-09-16,Saint John River,NF,45.97149,-66.719803,Adult,Smallmouth Bass,400,383,776,8.466,3.852,,M,Y,"frozen, one otolith",2020-10-25,7.122,10.16139,2020-10-29,7.78015,,78.34598,2020-12-09,0.0105,40.6566,0.0406566,838.4565608,3872.0603,
NF-SMB-A-26,2020-09-16,Saint John River,NF,45.97149,-66.719803,Adult,Smallmouth Bass,300,288,313,2.029,1.827,,M,Y,"frozen, one otolith broken",2020-10-29,7.06907,10.89393,2020-11-03,7.86943,,79.07479,2020-12-11,0.0104,29.8035,0.0298035,599.6585444,2865.7229,
NF-SMB-A-27,2020-09-16,Saint John River,NF,45.97149,-66.719803,Adult,Smallmouth Bass,306,289,374,2.807,5.572,1.122,F,Y,"frozen, parasites in muscle, one on liver",2020-10-28,7.08698,8.7002,2020-11-03,7.46155,,76.78122,,,,,,,
NF-YP-A-#2,2020-09-16,Saint John River,NF,45.97149,-66.719803,Adult,Yellow Perch,261,250,209.8,,,,F,Y,frozen,2020-10-29,7.08645,8.35651,2020-11-03,7.35325,,78.99312,2020-12-10,0.0101,15.2594,0.0152594,317.3776385,1510.827,
NF-YP-A-#3,2020-09-16,Saint John River,NF,45.97149,-66.719803,Adult,Yellow Perch,211,204,112.8,,,,F,Y,frozen,2020-10-25,7.06999,9.49482,2020-10-29,7.61888,,77.36377,2020-12-08,0.0103,12.8147,0.0128147,281.6276556,1244.1458,
NF-YP-A-47,2020-09-16,Saint John River,NF,45.97149,-66.719803,Adult,Yellow Perch,216,209,114.2,0.779,2.215,,M,Y,frozen,2020-10-29,7.11332,9.25622,2020-11-03,7.57413,,78.49596,2020-12-10,0.0103,9.6064,0.0096064,200.559139,932.6581,
NF-YP-A-#4,2020-09-16,Saint John River,NF,45.97149,-66.719803,Adult,Yellow Perch,203,195,98.8,,,,F,Y,frozen,2020-10-28,7.10752,8.78736,2020-11-03,7.47397,,78.18542,,,,,,,
NF-YP-A-48,2020-09-16,Saint John River,NF,45.97149,-66.719803,Adult,Yellow Perch,198,190,93.7,0.599,2.802,,M,Y,frozen,2020-10-29,7.09606,9.31711,2020-11-03,7.55259,,79.44531,,,,,,,
NF-SMB-A-28,2020-09-24,Saint John River,NF,45.97149,-66.719803,Adult,Smallmouth Bass,445,420,1184,12.127,23.219,1.299,F,Y,broken otoliths,2020-12-14,7.08432,9.68943,2020-12-16,7.67294,,77.40518,,,,,,,
NF-SMB-A-29,2020-09-24,Saint John River,NF,45.97149,-66.719803,Adult,Smallmouth Bass,458,426,1380,18.762,8.455,,M,Y,,2020-12-16,7.13103,10.97378,2020-12-18,7.9975,,77.45182,,,,,,,
NF-SMB-A-30-DUP,2020-09-24,Saint John River,NF,45.97149,-66.719803,Adult,Smallmouth Bass,419,394,1025,12.458,16.569,1.139,F,Y,,,,,,,,,2020-12-10,0.0104,19.2032,0.0192032,,1846.4614,
NF-SMB-A-30,2020-09-24,Saint John River,NF,45.97149,-66.719803,Adult,Smallmouth Bass,419,394,1025,12.458,16.569,1.139,F,Y,,2020-10-29,7.1124,11.2872,2020-11-03,7.98762,,79.03564,2020-12-10,0.0102,19.2968,0.0192968,396.6129199,1891.8439,
NF-SMB-A-31,2020-09-24,Saint John River,NF,45.97149,-66.719803,Adult,Smallmouth Bass,417,400,1121,11.605,6.061,,M,Y,,2020-12-14,7.02928,8.76249,2020-12-16,7.4058,,78.27615,,,,,,,
NF-SMB-A-32,2020-09-24,Saint John River,NF,45.97149,-66.719803,Adult,Smallmouth Bass,412,394,944,6.876,5.929,,M,Y,,2020-12-15,7.11111,8.6236,2020-12-18,7.44,,78.25506,,,,,,,
NF-SMB-A-33,2020-09-24,Saint John River,NF,45.97149,-66.719803,Adult,Smallmouth Bass,433,410,1041,13.27,22.976,1.787,F,Y,,2020-10-25,7.04213,8.66813,2020-10-29,7.40706,,77.55658,2020-11-04,0.0103,37.5609,0.0375609,818.4424708,3646.6924,
NF-SMB-A-34,2020-09-24,Saint John River,NF,45.97149,-66.719803,Adult,Smallmouth Bass,458,435,1305,13.29,7.547,,M,Y,,2020-12-14,7.08396,12.69606,2020-12-16,8.28873,,78.53263,,,,,,,
NF-SMB-A-35,2020-09-24,Saint John River,NF,45.97149,-66.719803,Adult,Smallmouth Bass,331,314,469,4.428,8.779,1.332,F,Y,,2020-12-13,7.07476,11.1769,2020-12-16,7.98462,,77.81987,,,,,,,
NF-SMB-A-36,2020-09-24,Saint John River,NF,45.97149,-66.719803,Adult,Smallmouth Bass,413,387,1083,12.447,18.979,1.834,F,Y,,2020-10-25,7.04893,8.703,2020-10-29,7.41867,,77.64665,2020-12-10,0.0105,25.6093,0.0256093,545.1938763,2438.981,
NF-SMB-A-37,2020-09-24,Saint John River,NF,45.97149,-66.719803,Adult,Smallmouth Bass,396,377,965,9.168,5.585,,M,Y,,2020-12-13,7.0936,11.48824,2020-12-16,8.04109,,78.43987,2020-12-10,0.0101,20.4812,0.0204812,437.2058009,2027.8442,
NF-SMB-A-38,2020-09-24,Saint John River,NF,45.97149,-66.719803,Adult,Smallmouth Bass,433,414,1306,14.978,8.508,,M,Y,,2020-10-25,7.07115,10.42012,2020-10-29,7.81652,,77.74331,2020-12-09,0.0102,36.4953,0.0364953,796.3380292,3577.9709,
NF-SMB-A-39,2020-09-24,Saint John River,NF,45.97149,-66.719803,Adult,Smallmouth Bass,445,420,1334,12.931,5.355,,M,Y,,2020-12-16,7.08854,10.09799,2020-12-18,7.77536,,77.17789,,,,,,,
NF-SMB-A-40,2020-09-24,Saint John River,NF,45.97149,-66.719803,Adult,Smallmouth Bass,481,453,1572,23.173,32.14,1.073,F,Y,,2020-12-14,7.07084,12.93973,2020-12-16,8.37671,,77.74928,,,,,,,
NF-SMB-A-41,2020-09-24,Saint John River,NF,45.97149,-66.719803,Adult,Smallmouth Bass,446,425,1376,16.923,27.882,1.084,F,Y,,2020-10-25,7.08404,9.63545,2020-10-29,7.63658,,78.34374,2020-12-09,0.0105,42.6892,0.0426892,880.4652059,4065.6382,
NF-SMB-A-42,2020-09-24,Saint John River,NF,45.97149,-66.719803,Adult,Smallmouth Bass,437,402,1260,13.805,6.985,,M,Y,,2020-10-25,7.04264,8.48014,2020-10-29,7.37568,,76.832,2020-11-03,0.0104,38.6275,0.0386275,860.5020564,3714.1836,
NF-SMB-A-43,2020-09-24,Saint John River,NF,45.97149,-66.719803,Adult,Smallmouth Bass,471,445,1368,15.101,24.483,1.686,F,Y,one otolith is broken,2020-10-24,7.02944,9.51367,2020-10-29,7.54756,,79.14364,2020-12-08,0.0102,60.2711,0.0602711,1232.387347,5908.9277,
NF-SMB-A-44,2020-09-24,Saint John River,NF,45.97149,-66.719803,Adult,Smallmouth Bass,465,435,1302,14.884,23.642,1.497,F,Y,,2020-10-25,7.10243,9.73104,2020-10-29,7.68027,,78.01728,2020-12-01,0.0102,39.9087,0.0399087,860.0988619,3912.6133,
NF-SMB-A-45,2020-09-24,Saint John River,NF,45.97149,-66.719803,Adult,Smallmouth Bass,341,320,593,6.886,2.536,,M,Y,"fish stiffly bent, hard to get accurate length measurements",2020-12-15,7.08983,7.86658,2020-12-18,7.25085,,79.27004,,,,,,,
NF-SMB-A-46,2020-09-24,Saint John River,NF,45.97149,-66.719803,Adult,Smallmouth Bass,416,392,1031,8.518,5.497,,M,Y,,2020-10-28,7.09805,9.45562,2020-11-03,7.60807,,78.36671,,,,,,,
NF-SMB-A-47,2020-09-24,Saint John River,NF,45.97149,-66.719803,Adult,Smallmouth Bass,345,326,568,4.33,2.579,,M,Y,,2020-12-13,7.13769,10.2816,2020-12-16,7.81128,,78.57477,,,,,,,
NF-SMB-A-48,2020-09-24,Saint John River,NF,45.97149,-66.719803,Adult,Smallmouth Bass,452,428,1299,12.327,5.413,,M,Y,,2020-10-28,7.13876,10.97613,2020-11-03,7.95306,,78.77974,,,,,,,
NF-SMB-A-49,2020-09-24,Saint John River,NF,45.97149,-66.719803,Adult,Smallmouth Bass,357,336,628,5.103,3.459,,M,Y,,,,,,,,,2020-12-10,0.0101,26.5501,0.0265501,,2628.7183,
NF-SMB-A-50,2020-09-24,Saint John River,NF,45.97149,-66.719803,Adult,Smallmouth Bass,405,381,871,8.276,5.106,,M,Y,,2020-10-25,7.1299,10.3566,2020-10-29,7.84574,,77.81511,2020-12-08,0.0102,25.0524,0.0250524,544.8875047,2456.1194,
NF-YP-A-49,2020-09-24,Saint John River,NF,45.97149,-66.719803,Adult,Yellow Perch,253,246,180,2.13,4.483,2.175,F,Y,,2020-12-16,7.12778,9.63197,2020-12-18,7.632,,79.86495,,,,,,,
NF-YP-A-50,2020-09-24,Saint John River,NF,45.97149,-66.719803,Adult,Yellow Perch,214,207,134,1.024,4.151,1.271,F,Y,,2020-12-16,7.11028,8.47589,2020-12-18,7.39983,,78.79702,,,,,,,
NF-SMB-A-51,2020-09-24,Saint John River,NF,45.97149,-66.719803,Adult,Smallmouth Bass,421,394,1080,9.496,5.238,,M,Y,,2020-12-15,7.0912,11.3879,2020-12-18,8.00645,,78.69877,,,,,,,
NF-YP-A-51,2020-09-24,Saint John River,NF,45.97149,-66.719803,Adult,Yellow Perch,156,150,51,0.425,3.439,,M,Y,one otolith,2020-12-13,7.08425,9.04961,2020-12-16,7.46169,,80.79538,,,,,,,
NF-SMB-A-52,2020-09-24,Saint John River,NF,45.97149,-66.719803,Adult,Smallmouth Bass,443,416,1168,13.941,23.575,1.52,F,Y,,2020-10-25,7.05315,10.4919,2020-10-29,7.80021,,78.27525,2020-11-04,0.0101,41.512,0.041512,892.9095965,4110.1021,
NF-SMB-A-53,2020-09-24,Saint John River,NF,45.97149,-66.719803,Adult,Smallmouth Bass,407,383,1105,13.881,5.512,,M,Y,,2020-10-28,7.10068,10.3375,2020-10-30,7.80664,,78.1897,2020-11-03,0.0102,27.7926,0.0277926,594.2800776,2724.7686,
NF-SMB-A-54,2020-09-24,Saint John River,NF,45.97149,-66.719803,Adult,Smallmouth Bass,401,388,991,9.65,5.45,,M,Y,,2020-10-25,7.04474,9.58922,2020-10-29,7.59628,,78.32406,2020-11-25,0.0105,48.485,0.048485,1000.912638,4617.6201,
NF-SMB-A-54-DUP,2020-09-24,Saint John River,NF,45.97149,-66.719803,Adult,Smallmouth Bass,401,388,991,9.65,5.45,,M,Y,,,,,,,,,2020-11-25,0.0103,46.9797,0.0469797,,4561.1333,
NF-SMB-A-55,2020-09-24,Saint John River,NF,45.97149,-66.719803,Adult,Smallmouth Bass,428,400,1067,13.895,6.126,,M,Y,,2020-12-14,7.14731,10.49501,2020-12-16,7.87608,,78.23073,,,,,,,
NF-SMB-A-56,2020-09-25,Saint John River,NF,45.97149,-66.719803,Adult,Smallmouth Bass,507,485,1811,23.764,33.298,1.932,F,Y,one broken otolith,2020-10-25,7.02794,9.39292,2020-10-29,7.54452,,78.15711,2020-12-08,0.01,67.5748,0.0675748,1476.028129,6757.4761,
NF-SMB-A-57,2020-09-25,Saint John River,NF,45.97149,-66.719803,Adult,Smallmouth Bass,398,375,795,,,,M,Y,one gonad 1/2 of other so didn?t process,,,,,,,,,,,,,,
NF-SMB-A-58,2020-09-25,Saint John River,NF,45.97149,-66.719803,Adult,Smallmouth Bass,376,353,730,6.907,15.148,1.481,F,Y,,2020-10-28,7.12328,11.6388,2020-11-03,8.11239,,78.09532,,,,,,,
NF-SMB-A-59,2020-09-25,Saint John River,NF,45.97149,-66.719803,Adult,Smallmouth Bass,332,312,473,3.625,7.236,1.448,F,Y,,2020-12-13,7.06578,10.65626,2020-12-16,7.86251,,77.80993,,,,,,,
NF-SMB-A-60,2020-09-25,Saint John River,NF,45.97149,-66.719803,Adult,Smallmouth Bass,416,394,967,14.453,6.21,1.804,F,Y,scar on side - lamprey?,2020-12-14,7.05275,12.31607,2020-12-16,8.14774,,79.19583,,,,,,,
NF-SMB-A-61,2020-09-25,Saint John River,NF,45.97149,-66.719803,Adult,Smallmouth Bass,331,319,612,7.786,8.65,1.421,F,Y,,2020-10-28,7.12964,10.47616,2020-10-30,7.9398,,75.79097,2020-11-03,0.0104,19.3308,0.0193308,449.9795421,1858.7261,
NF-SMB-A-62,2020-09-25,Saint John River,NF,45.97149,-66.719803,Adult,Smallmouth Bass,367,343,657,8.478,8.803,1.326,F,Y,,2020-10-25,7.08132,9.35067,2020-10-29,7.58458,,77.82361,2020-12-01,0.0102,25.2156,0.0252156,548.2264534,2472.1172,
NF-SMB-A-63,2020-09-25,Saint John River,NF,45.97149,-66.719803,Adult,Smallmouth Bass,394,369,802,4.267,3.622,,M,Y,,2020-12-13,7.12264,10.45006,2020-12-16,7.81063,,79.32362,,,,,,,
NF-SMB-A-64,2020-09-25,Saint John River,NF,45.97149,-66.719803,Adult,Smallmouth Bass,429,401,1038,11.842,21.107,1.75,F,Y,,2020-10-25,7.04152,9.52207,2020-10-29,7.59439,,77.7118,2020-12-09,0.0102,35.9628,0.0359628,785.8305243,3525.769,
NF-SMB-A-65,2020-09-25,Saint John River,NF,45.97149,-66.719803,Adult,Smallmouth Bass,330,312,443,4.461,7.228,1.927,F,Y,,2020-12-15,7.04264,11.86037,2020-12-18,8.08999,,78.26051,,,,,,,
NF-YP-A-52,2020-09-25,Saint John River,NF,45.97149,-66.719803,Adult,Yellow Perch,165,159,56.9,0.503,5.102,,M,Y,,2020-10-25,7.05878,8.1669,2020-10-29,7.29989,,78.24153,2020-11-04,0.0103,12.0275,0.0120275,254.0779416,1167.7195,check paper sheet
NF-YP-A-53,2020-09-25,Saint John River,NF,45.97149,-66.719803,Adult,Yellow Perch,197,189,96.6,0.778,8.679,,M,Y,,2020-10-25,7.05162,9.62508,2020-10-29,7.6063,,78.44614,2020-12-09,0.01,16.8039,0.0168039,362.1890168,1680.3904,
NF-YP-A-54,2020-09-25,Saint John River,NF,45.97149,-66.719803,Adult,Yellow Perch,155,147,46.3,0.562,2.594,,M,Y,,2020-12-15,7.10719,8.44826,2020-12-18,7.39719,,78.37548,,,,,,,
NF-YP-A-55,2020-09-25,Saint John River,NF,45.97149,-66.719803,Adult,Yellow Perch,173,165,67.9,0.695,6.17,,M,Y,,2020-12-16,7.08195,7.06664,2020-12-18,7.50854,recorded vial plus ww incorrectly do not use on DMA,,,,,,,,
NF-YP-A-56,2020-09-25,Saint John River,NF,45.97149,-66.719803,Adult,Yellow Perch,198,191,102,0.948,7.408,,M,Y,,2020-12-13,7.1081,11.07306,2020-12-16,7.95836,,78.55565,,,,,,,
NF-YP-A-57,2020-09-25,Saint John River,NF,45.97149,-66.719803,Adult,Yellow Perch,226,217,148.8,0.879,13.204,,M,Y,,2020-12-16,7.11563,9.44629,2020-12-18,7.5814,,80.01553,,,,,,,
NF-YP-A-58,2020-09-25,Saint John River,NF,45.97149,-66.719803,Adult,Yellow Perch,164,156,56.7,0.676,4.896,,M,Y,one otolith,2020-10-28,7.09971,10.11574,2020-11-03,7.76115,,78.06918,,,,,,,
NF-YP-A-59,2020-09-25,Saint John River,NF,45.97149,-66.719803,Adult,Yellow Perch,178,170,76.6,0.911,7.238,,M,Y,,2020-10-25,7.06857,9.7424,2020-10-29,7.64631,,78.39279,2020-12-09,0.0101,18.7464,0.0187464,401.0478158,1856.0835,
NF-YP-A-60,2020-09-25,Saint John River,NF,45.97149,-66.719803,Adult,Yellow Perch,181,174,75.7,0.534,5.616,,M,Y,,2020-10-25,7.05093,7.65335,2020-10-29,7.18229,,78.19462,2020-12-09,0.0104,7.0501,0.0070501,147.8176579,677.8952,
NF-YP-SIA-1,2020-09-25,Saint John River,NF,45.97149,-66.719803,Adult,Yellow Perch,202,193,102,,,,M,N,one otolith broken,,,,,,,,,,,,,,
NF-YP-SIA-2,2020-09-25,Saint John River,NF,45.97149,-66.719803,Adult,Yellow Perch,171,164,67.2,,,,M,N,,,,,,,,,,,,,,,
NF-YP-SIA-3,2020-09-25,Saint John River,NF,45.97149,-66.719803,Adult,Yellow Perch,162,155,54.1,,,,M,N,,,,,,,,,,,,,,,
NF-YP-SIA-4,2020-09-25,Saint John River,NF,45.97149,-66.719803,Adult,Yellow Perch,160,151,51.9,,,,M,N,,,,,,,,,,,,,,,
REF-YP-A-1,2020-09-11,Saint John River,REF,46.18625,-67.554377,Adult,Yellow Perch,233,225,132.1,1.087,2.502,,F,Y,,2020-10-29,7.12609,10.13707,2020-11-03,7.71407,,80.47214,2020-12-10,0.0105,15.8575,0.0158575,294.9168118,1510.2361,
REF-YP-A-2,2020-09-11,Saint John River,REF,46.18625,-67.554377,Adult,Yellow Perch,212,202,96.6,0.684,1.185,,F,Y,,2020-10-28,7.13657,8.74957,2020-11-03,7.43422,,81.54681,,,,,,,
REF-YP-A-3,2020-09-11,Saint John River,REF,46.18625,-67.554377,Adult,Yellow Perch,232,225,133.2,0.824,2.749,,F,Y,,2020-10-28,7.08669,10.00825,2020-11-03,7.68131,,79.64717,,,,,,,
REF-YP-A-4,2020-09-11,Saint John River,REF,46.18625,-67.554377,Adult,Yellow Perch,264,251,203.4,1.921,4.819,1.13,F,Y,,2020-10-24,7.08084,9.5208,2020-10-29,7.60537,,78.50252,2020-11-04,0.0104,23.6597,0.0236597,489.0620328,2274.9734,
REF-YP-A-5,2020-09-11,Saint John River,REF,46.18625,-67.554377,Adult,Yellow Perch,283,274,240.1,3.192,7.25,1.255,F,Y,,2020-10-28,7.19746,9.18928,2020-11-03,7.59711,,79.93544,,,,,,,
REF-YP-A-6,2020-09-11,Saint John River,REF,46.18625,-67.554377,Adult,Yellow Perch,252,243,179.8,2.375,4.437,1.227,F,Y,,2020-11-09,7.12742,12.59201,2020-11-12,8.26386,,79.20356,2020-12-14,0.0104,21.6827,0.0216827,433.5802711,2084.8777,
REF-YP-A-7,2020-09-11,Saint John River,REF,46.18625,-67.554377,Adult,Yellow Perch,242,232,156.9,1.382,8.341,1.423,F,Y,gonad leaked fluid when cut open,2020-10-25,7.09764,9.2133,2020-10-29,7.53293,,79.42533,2020-11-03,0.0104,29.274,0.029274,579.1375992,2814.8091,
REF-YP-A-8,2020-09-11,Saint John River,REF,46.18625,-67.554377,Adult,Yellow Perch,239,234,153.4,2.332,9.185,,M,Y,,2020-12-15,7.02527,10.24162,2020-12-18,7.69171,,79.27962,,,,,,,
REF-YP-A-9,2020-09-11,Saint John River,REF,46.18625,-67.554377,Adult,Yellow Perch,223,214,135.3,1.041,2.937,,M,Y,,2020-10-29,7.14391,7.97112,2020-11-03,7.31226,,79.64846,,,,,,,
REF-YP-A-10,2020-09-11,Saint John River,REF,46.18625,-67.554377,Adult,Yellow Perch,194,187,85.1,0.764,0.889,,F,Y,,2020-10-29,7.10455,9.6186,2020-11-03,7.63274,,78.99047,2020-12-10,0.0103,6.3202,0.0063202,128.9178999,613.6164,
REF-YP-A-11,2020-09-11,Saint John River,REF,46.18625,-67.554377,Adult,Yellow Perch,222,211,126.6,0.961,1.626,,F,Y,,2020-10-25,7.12265,10.69963,2020-10-29,7.84065,,79.9272,2020-11-25,0.0101,23.4283,0.0234283,465.6147842,2319.6306,
REF-SMB-A-1,2020-09-11,Saint John River,REF,46.18625,-67.554377,Adult,Smallmouth Bass,456,439,1414,13.655,17.848,1.769,F,Y,,2020-10-25,7.08401,10.60219,2020-10-29,7.88178,,77.32436,2020-12-08,0.01,26.7026,0.0267026,605.4989448,2670.2612,
REF-SMB-A-2,2020-09-11,Saint John River,REF,46.18625,-67.554377,Adult,Smallmouth Bass,400,385,982,12.6,13.903,2.386,F,Y,,2020-10-28,7.06983,10.13559,2020-11-03,7.78587,,76.64396,,,,,,,
REF-SMB-A-3,2020-09-17,Saint John River,REF,46.18625,-67.554377,Adult,Smallmouth Bass,329,314,459,5.566,5.51,1.038,F,Y,,2020-10-29,7.13364,11.15225,2020-11-03,8.01757,,78.00409,2020-12-10,0.0103,18.8508,0.0188508,402.5640272,1830.1764,
REF-SMB-A-4,2020-09-17,Saint John River,REF,46.18625,-67.554377,Adult,Smallmouth Bass,390,375,972,5.578,4.507,,M,Y,some parasites in fillet,2020-10-25,7.06398,8.35163,2020-10-29,7.35211,,77.62358,2020-11-04,0.0105,12.6166,0.0126166,268.8712847,1201.583,
REF-SMB-A-5,2020-09-17,Saint John River,REF,46.18625,-67.554377,Adult,Smallmouth Bass,462,434,1373,16.652,8.882,,M,Y,just one otolith,2020-10-25,7.05054,10.10614,2020-10-29,7.75562,,76.92499,2020-11-04,0.0102,39.3747,0.0393747,890.7558817,3860.2622,
REF-SMB-A-6,2020-09-17,Saint John River,REF,46.18625,-67.554377,Adult,Smallmouth Bass,416,390,1135,14.491,20.274,2.487,F,Y,,2020-12-13,7.10468,10.77775,2020-12-18,8.34192,,66.31592,,,,,,,
REF-SMB-A-7,2020-09-17,Saint John River,REF,46.18625,-67.554377,Adult,Smallmouth Bass,370,350,762,6.281,3.511,,M,Y,,2020-10-25,7.07108,9.61241,2020-10-29,7.64552,,77.39609,2020-12-09,0.0101,6.6729,0.0066729,149.3407698,660.6855,
REF-SMB-A-8,2020-09-17,Saint John River,REF,46.18625,-67.554377,Adult,Smallmouth Bass,461,444,986,12.897,6.646,,M,Y,lumpy gonads,2020-12-16,7.12585,11.83527,2020-12-18,8.13634,,78.54322,,,,,,,
REF-SMB-A-9,2020-09-17,Saint John River,REF,46.18625,-67.554377,Adult,Smallmouth Bass,400,376,937,8.574,3.287,,M,Y,,2020-12-15,7.08482,10.68482,2020-12-18,7.89423,,77.51639,,,,,,,
REF-SMB-A-10,2020-09-17,Saint John River,REF,46.18625,-67.554377,Adult,Smallmouth Bass,350,330,658,7.358,3.792,,M,Y,many parasites,2020-10-28,7.05058,11.14513,2020-11-03,7.95872,,77.82076,2020-12-10,0.0104,22.1969,0.0221969,473.3757627,2134.3193,
REF-SMB-A-11,2020-09-17,Saint John River,REF,46.18625,-67.554377,Adult,Smallmouth Bass,422,403,1023,10.782,4.363,,M,Y,,2020-10-29,7.10847,8.28488,2020-11-03,7.5317,,64.0236,,,,,,,
REF-SMB-A-12-DUP,2020-09-17,Saint John River,REF,46.18625,-67.554377,Adult,Smallmouth Bass,315,302,412,3.6,1.189,,M,Y,,,,,,,,,2020-12-11,0.0104,20.8825,0.0208825,,2007.9366,
REF-SMB-A-12,2020-09-17,Saint John River,REF,46.18625,-67.554377,Adult,Smallmouth Bass,315,302,412,3.6,1.189,,M,Y,,2020-10-29,7.04783,8.37185,2020-11-03,7.33621,,78.21936,2020-12-11,0.0102,21.1487,0.0211487,451.6010065,2073.4058,
REF-SMB-A-13,2020-09-17,Saint John River,REF,46.18625,-67.554377,Adult,Smallmouth Bass,365,347,715,6.356,3.268,,M,Y,parasites,2020-12-15,7.09716,11.77205,2020-12-18,8.15165,,77.44353,,,,,,,
REF-SMB-A-14,2020-09-17,Saint John River,REF,46.18625,-67.554377,Adult,Smallmouth Bass,420,395,1201,8.335,3.503,,M,Y,no otoliths,2020-12-14,7.06611,11.16746,2020-12-16,8.01034,,76.97758,,,,,,,
REF-SMB-A-15,2020-09-17,Saint John River,REF,46.18625,-67.554377,Adult,Smallmouth Bass,369,346,791,11.176,4.977,,M,Y,,2020-12-16,7.08267,13.57007,2020-12-18,8.53932,,77.54647,,,,,,,
REF-SMB-A-16,2020-09-17,Saint John River,REF,46.18625,-67.554377,Adult,Smallmouth Bass,480,450,1737,22.234,10.087,,M,Y,Lumpy gonads,2020-12-14,7.10362,9.36383,2020-12-16,7.62697,,76.84507,,,,,,,
REF-SMB-A-17,2020-09-17,Saint John River,REF,46.18625,-67.554377,Adult,Smallmouth Bass,419,397,1133,14.693,4.898,,M,Y,,2020-12-15,7.04557,9.77881,2020-12-18,7.6435,,78.12377,,,,,,,
REF-SMB-A-18,2020-09-17,Saint John River,REF,46.18625,-67.554377,Adult,Smallmouth Bass,378,360,747,9.542,3.043,,M,Y,many parasites,2020-12-15,7.07069,11.80057,2020-12-18,8.09376,,78.37006,,,,,,,
REF-SMB-A-19,2020-09-17,Saint John River,REF,46.18625,-67.554377,Adult,Smallmouth Bass,431,409,1229,15.988,18.684,1.629,F,Y,,2020-10-25,7.09816,10.06842,2020-10-29,7.85713,,74.44769,2020-12-08,0.0103,9.8369,0.0098369,244.0342054,955.0378,
REF-SMB-A-20,2020-09-17,Saint John River,REF,46.18625,-67.554377,Adult,Smallmouth Bass,386,371,937,12.165,14.921,1.651,F,Y,,2020-12-14,7.10544,11.78313,2020-12-16,8.1417,,77.84676,,,,,,,
REF-SMB-A-21,2020-09-17,Saint John River,REF,46.18625,-67.554377,Adult,Smallmouth Bass,497,470,1944,28.877,29.805,1.825,F,Y,,2020-10-24,7.0414,10.03951,2020-10-29,7.75974,,76.04024,2020-12-08,0.0102,39.8018,0.0398018,934.9438136,3902.1416,
REF-SMB-A-22,2020-09-17,Saint John River,REF,46.18625,-67.554377,Adult,Smallmouth Bass,360,344,621,6.801,2.901,,M,Y,,2020-10-25,7.08751,9.33788,2020-10-29,7.58224,,78.01562,2020-11-25,0.0103,20.4578,0.0204578,436.6536309,1986.199,
REF-SMB-A-23,2020-09-17,Saint John River,REF,46.18625,-67.554377,Adult,Smallmouth Bass,420,401,1035,14.96,16.599,1.824,F,Y,,2020-10-25,7.08266,9.53838,2020-10-29,7.63254,,77.6082,2020-12-09,0.0104,23.4808,0.0234808,505.5562532,2257.7737,
REF-SMB-A-24,2020-09-17,Saint John River,REF,46.18625,-67.554377,Adult,Smallmouth Bass,413,398,1133,13.354,4.768,,M,Y,,2020-12-13,7.13037,10.98699,2020-12-16,7.98933,,77.72765,,,,,,,
REF-SMB-A-25,2020-09-17,Saint John River,REF,46.18625,-67.554377,Adult,Smallmouth Bass,392,371,912,8.949,3.757,,M,Y,,2020-10-25,7.08439,8.16189,2020-10-29,7.33402,,76.83248,2020-11-04,0.0105,21.5064,0.0215064,474.5234625,2048.2275,
REF-YP-A-12,2020-09-17,Saint John River,REF,46.18625,-67.554377,Adult,Yellow Perch,296,287,337,7.805,17.204,2.278,F,Y,,2020-10-29,7.13022,10.97042,2020-11-03,7.95648,,78.48393,2020-12-11,0.0105,19.4917,0.0194917,399.4147123,1856.3556,
REF-YP-A-13,2020-09-17,Saint John River,REF,46.18625,-67.554377,Adult,Yellow Perch,240,230,148,1.347,3.106,,F,Y,orange cysts on organs (nematodes),2020-10-25,7.06657,9.72534,2020-10-29,7.57075,,81.0371,2020-12-11,0.0101,34.3669,0.0343669,645.243544,3402.6621,
REF-SMB-A-26,2020-09-21,Saint John River,REF,46.18625,-67.554377,Adult,Smallmouth Bass,423,395,1183,12.297,6.413,,M,Y,,2020-10-25,7.02447,10.97647,2020-10-29,7.90447,,77.73279,2020-12-08,0.0102,14.6023,0.0146023,318.7776842,1431.6016,
REF-SMB-A-27,2020-09-21,Saint John River,REF,46.18625,-67.554377,Adult,Smallmouth Bass,364,346,709,7.134,3.191,,M,Y,,2020-10-25,7.04769,10.24167,2020-10-29,7.77179,,77.32923,2020-12-09,0.0104,9.8954,0.0098954,215.7072494,951.4772,
REF-SMB-A-28,2020-09-21,Saint John River,REF,46.18625,-67.554377,Adult,Smallmouth Bass,321,304,518,6.167,2.628,,M,Y,NF-YP-A-14,2020-10-28,7.10145,10.34556,2020-10-30,7.85849,,76.66417,2020-11-03,0.01,9.2522,0.0092522,215.9069278,925.2164,
REF-SMB-A-29,2020-09-21,Saint John River,REF,46.18625,-67.554377,Adult,Smallmouth Bass,328,315,511,4.03,3.879,1.783,F,Y,,2020-10-25,7.07527,10.13834,2020-10-29,7.80178,,76.28164,2020-12-08,0.0105,4.4708,0.0044708,100.9908125,425.7917,
REF-SMB-A-30,2020-09-21,Saint John River,REF,46.18625,-67.554377,Adult,Smallmouth Bass,490,465,1845,39.374,42.21,2.901,F,Y,,2020-10-28,7.09244,9.41257,2020-11-03,7.62041,,77.24395,,,,,,,
REF-SMB-A-31,2020-09-21,Saint John River,REF,46.18625,-67.554377,Adult,Smallmouth Bass,385,367,835,6.582,3.512,,M,Y,yellow liver,2020-10-25,7.12088,10.6555,2020-10-29,7.90667,,77.76876,2020-12-08,0.0101,7.2263,0.0072263,159.0596384,715.4779,
REF-SMB-A-32,2020-09-21,Saint John River,REF,46.18625,-67.554377,Adult,Smallmouth Bass,427,400,1049,17.95,21.194,1.264,F,Y,,2020-12-15,7.14962,10.46614,2020-12-18,7.88393,,77.85902,,,,,,,
REF-SMB-A-33,2020-09-21,Saint John River,REF,46.18625,-67.554377,Adult,Smallmouth Bass,451,425,1576,50.211,37.318,1.711,F,Y,,2020-10-25,7.07815,8.53717,2020-10-29,7.45679,,74.04833,2020-12-08,0.0103,18.0491,0.0180491,454.7618425,1752.3416,
REF-SMB-A-34,2020-09-21,Saint John River,REF,46.18625,-67.554377,Adult,Smallmouth Bass,420,398,995,13.091,6.287,,M,Y,,2020-12-15,7.03985,13.52235,2020-12-18,8.69361,,74.48885,,,,,,,
REF-SMB-A-35,2020-09-21,Saint John River,REF,46.18625,-67.554377,Adult,Smallmouth Bass,317,301,488,7.558,4.18,1.339,F,Y,,2020-12-14,7.11946,12.17735,2020-12-16,8.26787,,77.29468,,,,,,,
REF-SMB-A-36,2020-09-21,Saint John River,REF,46.18625,-67.554377,Adult,Smallmouth Bass,403,377,1018,16.367,19.42,1.799,F,Y,many parasites,2020-12-14,7.06159,11.96366,2020-12-16,8.16325,,77.52664,,,,,,,
REF-YP-A-14,2020-09-21,Saint John River,REF,46.18625,-67.554377,Adult,Yellow Perch,256,240,17.6,1.661,5.204,1.615,F,Y,,2020-12-16,7.122,12.48949,2020-12-18,8.15348,,80.78282,,,,,,,
REF-YP-A-15,2020-09-21,Saint John River,REF,46.18625,-67.554377,Adult,Yellow Perch,237,230,130.4,1.257,2.5,,F,Y,,2020-12-13,7.06128,10.3182,2020-12-16,7.70474,,80.2433,,,,,,,
REF-YP-A-16,2020-09-21,Saint John River,REF,46.18625,-67.554377,Adult,Yellow Perch,240,233,152.1,2.303,3.468,,F,Y,,2020-12-14,7.1011,10.42036,2020-12-16,7.74421,,80.6249,,,,,,,
REF-YP-A-17,2020-09-21,Saint John River,REF,46.18625,-67.554377,Adult,Yellow Perch,218,211,114.5,0.918,1.992,,F,Y,,2020-10-25,7.11259,10.84059,2020-10-29,7.82804,last dig rising,80.80874,2020-12-09,0.0104,23.0561,0.0230561,425.4575228,2216.9343,
REF-YP-A-18,2020-09-21,Saint John River,REF,46.18625,-67.554377,Adult,Yellow Perch,212,203,107.1,1.163,1.855,,F,Y,,2020-10-29,7.1302,8.79785,2020-11-03,7.44669,,81.0218,2020-12-10,0.0105,13.1921,0.0131921,238.4403188,1256.3904,
REF-YP-A-19,2020-09-21,Saint John River,REF,46.18625,-67.554377,Adult,Yellow Perch,218,210,126.5,0.69,7.177,,M,Y,,2020-10-24,7.0875,9.8847,2020-10-29,7.64863,,79.93958,2020-12-01,0.0102,23.244,0.023244,457.1415096,2278.8235,
REF-YP-A-20,2020-09-21,Saint John River,REF,46.18625,-67.554377,Adult,Yellow Perch,219,210,119.1,1.109,2.985,2.089,F,Y,,2020-12-14,7.11071,11.43662,2020-12-16,7.99677,,79.51737,,,,,,,
REF-YP-A-21,2020-09-21,Saint John River,REF,46.18625,-67.554377,Adult,Yellow Perch,191,184,73.6,0.483,1.041,,F,Y,,2020-10-25,7.12706,8.69321,2020-10-29,7.44704,,79.56901,2020-12-10,0.01,9.8391,0.0098391,201.0220744,983.9075,
REF-YP-A-22,2020-09-21,Saint John River,REF,46.18625,-67.554377,Adult,Yellow Perch,205,196,99.8,0.388,4.936,,M,Y,,2020-10-25,7.09501,9.84617,2020-10-29,7.64724,,79.92738,2020-12-09,0.0101,15.7433,0.0157433,312.8812625,1558.7462,
REF-YP-A-23,2020-09-21,Saint John River,REF,46.18625,-67.554377,Adult,Yellow Perch,262,250,176.4,1.497,4.8,1.383,F,Y,,2020-10-25,7.00606,9.66859,2020-10-29,7.53867,,79.99609,2020-12-08,0.0103,33.6228,0.0336228,652.9979675,3264.3523,
REF-YP-A-24,2020-09-21,Saint John River,REF,46.18625,-67.554377,Adult,Yellow Perch,211,202,96.9,0.781,2.366,,F,Y,,2020-12-13,7.16301,8.75974,2020-12-16,7.49988,,78.90251,,,,,,,
REF-YP-A-25,2020-09-21,Saint John River,REF,46.18625,-67.554377,Adult,Yellow Perch,210,200,114.9,0.655,6.316,,M,Y,,2020-11-09,7.17794,11.98551,2020-11-12,8.08445,,81.14411,,,,,,,
REF-YP-A-26,2020-09-21,Saint John River,REF,46.18625,-67.554377,Adult,Yellow Perch,171,164,60,,,,IM,Y,,2020-12-14,7.04059,9.26547,2020-12-16,7.47361,,80.53738,,,,,,,
REF-YP-A-27,2020-09-21,Saint John River,REF,46.18625,-67.554377,Adult,Yellow Perch,228,217,129,1.618,3.943,1.576,F,Y,,2020-12-13,7.11897,9.7586,2020-12-16,7.67542,,78.91939,,,,,,,
REF-YP-A-28,2020-09-21,Saint John River,REF,46.18625,-67.554377,Adult,Yellow Perch,204,198,90.3,0.741,6.993,,M,Y,scar on side,2020-10-28,7.13785,8.5366,2020-11-03,7.37575,,82.99196,,,,,,,
REF-YP-A-29,2020-09-21,Saint John River,REF,46.18625,-67.554377,Adult,Yellow Perch,168,160,51.7,0.403,2.777,,M,Y,,2020-11-09,7.12582,10.16523,2020-11-12,7.73544,,79.94282,,,,,,,
REF-YP-A-30,2020-09-21,Saint John River,REF,46.18625,-67.554377,Adult,Yellow Perch,196,187,85.1,0.516,3.131,,M,Y,lumpy gonads,2020-12-14,7.13996,9.2664,2020-12-16,7.56519,,80.00273,,,,,,,
REF-YP-A-31,2020-09-21,Saint John River,REF,46.18625,-67.554377,Adult,Yellow Perch,185,176,74,0.892,2.004,,F,Y,,2020-10-28,7.18632,9.46726,2020-11-03,7.59306,,82.16788,2020-12-10,0.0104,7.8057,0.0078057,133.839365,750.5521,
REF-YP-A-32,2020-09-21,Saint John River,REF,46.18625,-67.554377,Adult,Yellow Perch,200,192,75.5,0.48,4.693,,M,Y,,2020-12-13,7.05508,9.83853,2020-12-16,7.61927,,79.73055,,,,,,,
REF-YP-A-33,2020-09-21,Saint John River,REF,46.18625,-67.554377,Adult,Yellow Perch,187,183,62.5,0.5,1.484,,F,Y,,2020-12-14,7.0776,10.62627,2020-12-16,7.75626,,80.87565,,,,,,,
REF-YP-A-34,2020-09-21,Saint John River,REF,46.18625,-67.554377,Adult,Yellow Perch,178,172,59.6,0.771,1.582,,F,Y,,2020-12-13,7.05272,8.42133,2020-12-16,7.3359,,79.30893,,,,,,,
REF-YP-A-35,2020-09-21,Saint John River,REF,46.18625,-67.554377,Adult,Yellow Perch,186,180,70.7,0.645,1.116,,F,Y,one otolith,2020-12-16,7.08416,9.48342,2020-12-18,7.58106,,79.28945,,,,,,,
REF-SMB-A-37,2020-09-22,Saint John River,REF,46.18625,-67.554377,Adult,Smallmouth Bass,423,408,1191,17.797,27.763,1.004,F,Y,,,,,,,,,,,,,,,
REF-SMB-A-38,2020-09-22,Saint John River,REF,46.18625,-67.554377,Adult,Smallmouth Bass,505,483,1894,25.992,36.171,1.146,F,Y,,,,,,,DIDN'T DRY TWICE,,,,,,,,
REF-SMB-A-39,2020-09-22,Saint John River,REF,46.18625,-67.554377,Adult,Smallmouth Bass,390,372,939,13.305,21.506,1.102,F,Y,,2020-12-16,7.11122,12.96895,2020-12-18,8.41478,,77.74633,,,,,,,
REF-SMB-A-40,2020-09-22,Saint John River,REF,46.18625,-67.554377,Adult,Smallmouth Bass,411,390,1039,11.82,5.122,,M,Y,,2020-10-24,7.12197,10.08075,2020-10-29,7.77976,,77.7682,2020-12-08,0.0103,9.1274,0.0091274,197.0086808,886.1572,
REF-SMB-A-41,2020-09-22,Saint John River,REF,46.18625,-67.554377,Adult,Smallmouth Bass,397,380,1007,13.121,20.626,1.155,F,Y,1.5 otoliths,2020-10-28,7.0972,8.33693,2020-11-03,7.37447,,77.63465,,,,,,,
REF-SMB-A-42,2020-09-22,Saint John River,REF,46.18625,-67.554377,Adult,Smallmouth Bass,378,360,786,8.74,2.829,,M,Y,one otolith,2020-12-13,7.15068,11.71146,2020-12-16,8.15957,,77.879,,,,,,,
REF-SMB-A-43,2020-09-22,Saint John River,REF,46.18625,-67.554377,Adult,Smallmouth Bass,393,378,969,14.013,16.936,0.995,F,Y,,2020-12-13,7.08384,11.91383,2020-12-16,8.16774,,77.55896,,,,,,,
REF-SMB-A-44,2020-09-22,Saint John River,REF,46.18625,-67.554377,Adult,Smallmouth Bass,448,421,1223,18.215,25.098,1.053,F,Y,,2020-12-16,7.06274,11.39866,2020-12-18,7.98616,,78.70302,,,,,,,
REF-SMB-A-45,2020-09-22,Saint John River,REF,46.18625,-67.554377,Adult,Smallmouth Bass,488,462,1709,30.787,39.821,1.043,F,Y,,2020-11-09,7.10204,9.61676,,,HAD TO PUT BACK IN FREEZE DRIER,,,,,,,,
REF-SMB-A-46,2020-09-22,Saint John River,REF,46.18625,-67.554377,Adult,Smallmouth Bass,319,301,487,6.457,2.114,,M,Y,,2020-12-16,7.07543,12.03986,2020-12-18,8.15935,,78.16627,,,,,,,
REF-SMB-A-47,2020-09-22,Saint John River,REF,46.18625,-67.554377,Adult,Smallmouth Bass,434,403,1063,10.815,4.792,,M,Y,,2020-12-16,7.07939,9.2646,2020-12-18,7.58889,,76.68416,,,,,,,
REF-SMB-A-48-DUP,2020-09-22,Saint John River,REF,46.18625,-67.554377,Adult,Smallmouth Bass,308,293,447,5.109,1.795,,M,Y,,,,,,,,,2020-12-08,0.0104,10.8711,0.0108711,,1045.2993,
REF-SMB-A-48,2020-09-22,Saint John River,REF,46.18625,-67.554377,Adult,Smallmouth Bass,308,293,447,5.109,1.795,,M,Y,,2020-10-25,7.10942,10.00371,2020-10-29,7.75711,,77.6218,2020-12-08,0.0105,11.4809,0.0114809,244.6883168,1093.4227,
REF-SMB-A-49,2020-09-22,Saint John River,REF,46.18625,-67.554377,Adult,Smallmouth Bass,476,452,1706,27.526,29.679,1.028,F,Y,,2020-12-13,7.10082,10.61788,2020-12-16,7.89431,,77.43883,,,,,,,
REF-SMB-A-50,2020-09-22,Saint John River,REF,46.18625,-67.554377,Adult,Smallmouth Bass,425,402,952,10.767,12.056,1.001,F,Y,one otolith,2020-12-13,7.10199,11.02657,2020-12-16,7.93946,,78.6609,,,,,,,
REF-SMB-A-51,2020-09-22,Saint John River,REF,46.18625,-67.554377,Adult,Smallmouth Bass,407,386,969,7.985,3.406,,M,Y,,2020-10-25,7.03434,9.19284,2020-10-29,7.51606,,77.68265,2020-12-01,0.0105,7.4487,0.0074487,158.3201737,709.404,
REF-SMB-A-52,2020-09-22,Saint John River,REF,46.18625,-67.554377,Adult,Smallmouth Bass,415,395,971,11.714,3.764,,M,Y,,2020-12-16,7.10622,8.7372,2020-12-18,7.4559,,78.56013,,,,,,,
REF-SMB-A-53,2020-09-22,Saint John River,REF,46.18625,-67.554377,Adult,Smallmouth Bass,479,455,1445,11.85,5.947,,M,Y,,2020-12-16,7.11253,9.13536,2020-12-18,7.52727,,79.49704,,,,,,,
REF-SMB-A-54,2020-09-22,Saint John River,REF,46.18625,-67.554377,Adult,Smallmouth Bass,417,396,1079,17.713,21.578,1.604,F,Y,,2020-10-29,7.07785,11.50266,2020-11-03,8.04002,,78.25511,2020-12-10,0.0103,17.2482,0.0172482,364.1359232,1674.5817,
REF-YP-A-36,2020-09-22,Saint John River,REF,46.18625,-67.554377,Adult,Yellow Perch,250,237,215.2,2.102,24.236,,M,Y,,2020-12-16,7.09734,11.47655,2020-12-18,8.05449,,78.14332,,,,,,,
REF-YP-A-37,2020-09-22,Saint John River,REF,46.18625,-67.554377,Adult,Yellow Perch,173,165,56.8,0.469,3.137,,M,Y,,2020-10-29,7.05856,10.82262,2020-11-03,7.84963,,78.9836,2020-12-10,0.0104,15.0314,0.0150314,303.7552144,1445.3245,
REF-YP-A-38,2020-09-22,Saint John River,REF,46.18625,-67.554377,Adult,Yellow Perch,224,216,149.9,6.265,2.367,1.056,F,Y,,2020-11-09,7.10494,12.7158,2020-11-12,8.307,,78.57619,,,,,,,
REF-YP-A-39,2020-09-22,Saint John River,REF,46.18625,-67.554377,Adult,Yellow Perch,192,185,84.2,0.747,7.463,,M,Y,otolith missing on tray,2020-12-16,7.07097,11.9604,2020-12-18,8.11232,,78.70202,,,,,,,
REF-YP-A-40,2020-09-22,Saint John River,REF,46.18625,-67.554377,Adult,Yellow Perch,182,172,65,0.569,3.984,,M,Y,,2020-12-16,7.12436,7.93117,2020-12-18,7.29247,,79.16362,,,,,,,
REF-YP-A-41,2020-09-22,Saint John River,REF,46.18625,-67.554377,Adult,Yellow Perch,176,168,56.7,0.418,4.017,,M,Y,,2020-10-29,7.13233,9.32718,2020-11-03,7.58407,,79.41818,2020-12-10,0.0104,9.0234,0.0090234,178.5751261,867.6354,
REF-YP-A-42,2020-09-22,Saint John River,REF,46.18625,-67.554377,Adult,Yellow Perch,180,173,61.2,0.392,2.493,,M,Y,,2020-12-14,7.05503,9.54251,2020-12-16,7.55942,,79.72285,,,,,,,
REF-YP-A-43,2020-09-22,Saint John River,REF,46.18625,-67.554377,Adult,Yellow Perch,169,160,45.9,0.25,2.234,,M,Y,,2020-12-13,7.10243,10.52681,2020-12-16,7.78018,,80.2081,,,,,,,
REF-YP-A-44,2020-09-22,Saint John River,REF,46.18625,-67.554377,Adult,Yellow Perch,186,181,73.5,0.483,4.82,,M,Y,,2020-10-28,7.02858,9.25232,2020-10-30,7.48202,,79.60913,2020-11-03,0.0103,16.2561,0.0162561,321.8223589,1578.2667,
REF-YP-A-45,2020-09-22,Saint John River,REF,46.18625,-67.554377,Adult,Yellow Perch,167,160,55.6,0.449,2.338,,M,Y,,2020-12-14,7.06645,9.69787,2020-12-16,7.55947,,81.26411,,,,,,,
REF-YP-A-46,2020-09-22,Saint John River,REF,46.18625,-67.554377,Adult,Yellow Perch,198,191,73.5,0.585,4.116,,M,Y,,2020-12-14,7.06627,10.58132,2020-12-16,7.76036,,80.25377,,,,,,,
REF-YP-A-47,2020-09-22,Saint John River,REF,46.18625,-67.554377,Adult,Yellow Perch,182,174,69,0.643,5.619,,M,Y,,2020-12-14,7.07473,8.4271,2020-12-16,7.35586,,79.21205,,,,,,,
REF-YP-A-48,2020-09-22,Saint John River,REF,46.18625,-67.554377,Adult,Yellow Perch,191,185,75.9,0.526,1.771,,M,Y,,2020-12-16,7.06966,10.92512,2020-12-18,8.82511,,54.46847,,,,,,,
REF-YP-A-49,2020-09-22,Saint John River,REF,46.18625,-67.554377,Adult,Yellow Perch,180,173,73.2,0.565,4.565,,M,Y,,2020-12-16,7.12635,9.85703,2020-12-18,7.67246,,80.00095,,,,,,,
REF-YP-A-50,2020-09-22,Saint John River,REF,46.18625,-67.554377,Adult,Yellow Perch,181,171,66.3,0.427,2.697,,M,Y,one otolith,2020-11-09,7.10451,9.33528,2020-11-12,7.54167,,80.40318,2020-12-14,0.0101,4.4951,0.0044951,87.21804191,445.0622,
REF-YP-A-51,2020-09-22,Saint John River,REF,46.18625,-67.554377,Adult,Yellow Perch,196,187,87.7,0.7,6.429,,M,Y,orange cysts on organs (nematodes)/goupy gonads,2020-12-15,7.05635,9.22026,2020-12-18,7.49658,,79.65581,,,,,,,
REF-YP-A-52,2020-09-22,Saint John River,REF,46.18625,-67.554377,Adult,Yellow Perch,181,175,70.2,0.649,5.047,,M,Y,,2020-12-14,7.078,11.51546,2020-12-16,8.00698,,79.06505,,,,,,,
REF-YP-A-53,2020-09-22,Saint John River,REF,46.18625,-67.554377,Adult,Yellow Perch,181,173,61.8,0.57,2.621,,M,Y,goupy gonads,2020-10-25,7.08857,10.23792,2020-10-29,7.71809,,80.01111,2020-12-08,0.0105,13.2398,0.0132398,252.0474669,1260.938,
REF-YP-A-54,2020-09-22,Saint John River,REF,46.18625,-67.554377,Adult,Yellow Perch,182,173,72.7,0.641,4.578,,M,Y,,2020-12-14,7.10075,8.86076,2020-12-16,7.44274,,80.56886,,,,,,,
REF-YP-A-55,2020-09-22,Saint John River,REF,46.18625,-67.554377,Adult,Yellow Perch,171,165,52.6,0.376,1.666,,M,Y,,2020-12-16,7.1276,8.55875,2020-12-18,7.41372,,80.00769,,,,,,,
FF-YP-A-1,2020-10-02,Saint John River,FF,45.805451,-66.141779,Adult,Yellow Perch,235,226,127,1.449,4.143,1.003,F,Y,man parasites in fillet,2020-12-16,7.07406,9.63639,2020-12-18,7.57518,,80.4428,,,,,,,
FF-YP-A-2,2020-10-02,Saint John River,FF,45.805451,-66.141779,Adult,Yellow Perch,174,166,66.4,0.503,4.384,,M,Y,,2020-12-16,7.07456,11.85318,2020-12-18,8.0552,,79.47859,,,,,,,
FF-YP-A-3,2020-10-02,Saint John River,FF,45.805451,-66.141779,Adult,Yellow Perch,165,157,49.4,0.267,3.908,,M,Y,,2020-12-14,7.05489,9.57908,2020-12-16,7.55011,,80.38103,,,,,,,
FF-YP-A-4,2020-10-02,Saint John River,FF,45.805451,-66.141779,Adult,Yellow Perch,144,135,34.7,0.198,1.645,,M,Y,,2020-12-14,7.09993,8.95392,2020-12-16,7.45203,,81.00853,,,,,,,
FF-YP-A-5,2020-10-02,Saint John River,FF,45.805451,-66.141779,Adult,Yellow Perch,159,150,46.3,0.314,2.769,,M,Y,,2020-12-14,7.09638,8.85517,2020-12-16,7.45001,,79.89356,,,,,,,
FF-YP-A-6,2020-10-02,Saint John River,FF,45.805451,-66.141779,Adult,Yellow Perch,178,163,60.1,0.473,1.372,1.372,F,Y,,2020-12-13,7.0868,11.82732,2020-12-16,8.00845,,80.55804,,,,,,,
FF-YP-A-7,2020-10-02,Saint John River,FF,45.805451,-66.141779,Adult,Yellow Perch,188,180,79.1,0.815,2.304,1.858,F,Y,,2020-12-16,7.06267,11.90446,2020-12-18,8.01403,,80.35107,,,,,,,
FF-YP-A-8,2020-10-02,Saint John River,FF,45.805451,-66.141779,Adult,Yellow Perch,168,158,55.4,0.302,3.728,,M,Y,,2020-12-14,7.04539,10.90436,2020-12-16,7.81153,,80.14652,,,,,,,
FF-YP-A-9,2020-10-02,Saint John River,FF,45.805451,-66.141779,Adult,Yellow Perch,215,206,121.2,1.273,3.442,1.278,F,Y,,2020-12-14,7.10289,11.3746,2020-12-16,7.93323,,80.56188,,,,,,,
FF-YP-A-10,2020-10-02,Saint John River,FF,45.805451,-66.141779,Adult,Yellow Perch,173,165,56.6,0.286,2.008,,M,Y,,2020-12-14,7.12858,10.95975,2020-12-16,7.89134,,80.09068,,,,,,,
FF-YP-A-11,2020-10-02,Saint John River,FF,45.805451,-66.141779,Adult,Yellow Perch,191,183,74.8,0.726,2.21,1.756,F,Y,,2020-12-16,7.0801,10.65581,2020-12-18,7.77158,,80.66174,,,,,,,
FF-YP-A-12,2020-10-02,Saint John River,FF,45.805451,-66.141779,Adult,Yellow Perch,224,214,134.6,1.521,3.958,0.932,F,Y,,2020-12-14,7.06557,10.3097,2020-12-16,7.68733,,80.83431,,,,,,,
FF-YP-A-13,2020-10-02,Saint John River,FF,45.805451,-66.141779,Adult,Yellow Perch,179,176,65,0.634,1.863,1.863,F,Y,one otolith. Parasites in fillet,2020-12-16,7.07908,9.56945,2020-12-18,7.58391,,79.72872,,,,,,,
FF-YP-A-14,2020-10-02,Saint John River,FF,45.805451,-66.141779,Adult,Yellow Perch,161,153,45.1,0.267,2.508,,M,Y,,2020-12-14,7.11546,9.4968,2020-12-16,7.57222,,80.8192,,,,,,,
FF-YP-A-15,2020-10-02,Saint John River,FF,45.805451,-66.141779,Adult,Yellow Perch,198,189,98,0.978,3.175,1.215,F,Y,,2020-12-13,7.11272,10.5994,2020-12-16,7.84875,,78.89023,,,,,,,
FF-YP-A-16,2020-10-02,Saint John River,FF,45.805451,-66.141779,Adult,Yellow Perch,170,164,56.9,0.319,2.067,,M,Y,many parasites in fillet,2020-12-14,7.02283,8.22431,2020-12-16,7.24379,,81.60935,,,,,,,
FF-YP-A-17,2020-10-02,Saint John River,FF,45.805451,-66.141779,Adult,Yellow Perch,200,191,101.9,1.451,3.38,2.031,F,Y,many parasites in fillet,2020-10-28,7.14343,11.17512,2020-11-03,7.89251,,81.4202,,,,,,,
FF-YP-A-18,2020-10-02,Saint John River,FF,45.805451,-66.141779,Adult,Yellow Perch,159,155,44.7,,3.155,,M,Y,one otolith. No liver found.,2020-12-15,7.04728,8.14005,2020-12-18,7.26616,,79.97017,,,,,,,
FF-YP-A-19,2020-10-02,Saint John River,FF,45.805451,-66.141779,Adult,Yellow Perch,158,149,46.9,0.248,3.304,,M,Y,,2020-12-15,7.06142,8.96752,2020-12-18,7.43595,,80.35098,,,,,,,
FF-YP-A-20,2020-10-02,Saint John River,FF,45.805451,-66.141779,Adult,Yellow Perch,166,159,48.7,0.239,2.657,,M,Y,,2020-12-15,7.01055,8.86813,2020-12-18,7.35564,,81.4226,,,,,,,
FF-YP-A-21,2020-10-02,Saint John River,FF,45.805451,-66.141779,Adult,Yellow Perch,233,225,175.8,1.764,6.46,0.957,F,Y,,2020-12-15,7.09713,10.81688,2020-12-18,7.84414,,79.91774,,,,,,,
FF-YP-A-22,2020-10-02,Saint John River,FF,45.805451,-66.141779,Adult,Yellow Perch,160,157,52.5,0.317,3.62,,M,Y,,2020-12-15,7.09644,8.80359,2020-12-18,7.42016,,81.0374,,,,,,,
FF-YP-A-23,2020-10-02,Saint John River,FF,45.805451,-66.141779,Adult,Yellow Perch,194,187,84.2,0.467,5.25,,M,Y,,2020-12-13,7.15592,12.12584,2020-12-16,8.12566,,80.48781,,,,,,,
FF-YP-A-24,2020-10-02,Saint John River,FF,45.805451,-66.141779,Adult,Yellow Perch,202,198,89.3,1.037,2.412,0.898,F,Y,,2020-12-15,7.10408,9.56491,2020-12-18,7.58587,,80.42165,,,,,,,
FF-YP-A-25,2020-10-02,Saint John River,FF,45.805451,-66.141779,Adult,Yellow Perch,205,195,108.2,1.094,2.643,1.538,F,Y,,,,,,,,,,,,,,,
FF-YP-A-26,2020-10-02,Saint John River,FF,45.805451,-66.141779,Adult,Yellow Perch,184,175,77.4,0.506,4.628,,M,Y,,2020-12-15,7.06084,11.15713,2020-12-18,7.86404,,80.39201,,,,,,,
FF-YP-A-27,2020-10-02,Saint John River,FF,45.805451,-66.141779,Adult,Yellow Perch,185,180,60,0.892,1.505,1.505,F,Y,scar on side,2020-12-15,7.07398,10.12197,2020-12-18,7.61906,,82.11674,,,,,,,
FF-YP-A-28,2020-10-02,Saint John River,FF,45.805451,-66.141779,Adult,Yellow Perch,265,254,214.5,2.729,7.822,1.422,F,Y,scar on side,2020-12-15,7.06532,11.84631,2020-12-18,8.02977,,79.8274,,,,,,,
FF-YP-A-29,2020-10-02,Saint John River,FF,45.805451,-66.141779,Adult,Yellow Perch,165,162,50.7,0.245,2.417,,M,Y,,2020-12-15,7.07082,8.3494,2020-12-18,7.32157,,80.3884,,,,,,,
FF-YP-A-30,2020-10-02,Saint John River,FF,45.805451,-66.141779,Adult,Yellow Perch,200,197,93.3,1.151,3.056,1.623,F,Y,,2020-10-25,7.06447,8.66355,2020-10-29,7.38244,,80.11544,2020-12-01,0.0102,15.6658,0.0156658,305.3996581,1535.8634,
FF-YP-A-31,2020-10-02,Saint John River,FF,45.805451,-66.141779,Adult,Yellow Perch,202,194,97.3,0.993,2.87,1.169,F,Y,,2020-12-15,7.11185,8.41091,2020-12-18,7.35565,,81.23258,,,,,,,
FF-YP-A-32,2020-10-02,Saint John River,FF,45.805451,-66.141779,Adult,Yellow Perch,153,145,54.2,0.322,3.4,,M,Y,,2020-12-16,7.04455,8.66365,2020-12-18,7.36657,,80.11117,,,,,,,
FF-YP-A-33,2020-10-02,Saint John River,FF,45.805451,-66.141779,Adult,Yellow Perch,209,204,116.8,1.155,3.497,1.468,F,Y,,2020-12-16,7.04613,10.15681,2020-12-18,7.66525,,80.09696,,,,,,,
FF-YP-A-34,2020-10-02,Saint John River,FF,45.805451,-66.141779,Adult,Yellow Perch,195,185,77.5,1.078,2.956,1.527,F,Y,,2020-12-15,7.10627,8.73485,2020-12-18,7.4215,,80.64387,,,,,,,
FF-YP-A-35,2020-10-02,Saint John River,FF,45.805451,-66.141779,Adult,Yellow Perch,172,168,73.2,0.438,6.017,,M,Y,,2020-10-25,7.09991,9.17349,2020-10-29,7.52734,,79.38686,2020-12-01,0.0101,14.0981,0.0140981,287.7284876,1395.8497,
FF-YP-A-36,2020-10-02,Saint John River,FF,45.805451,-66.141779,Adult,Yellow Perch,210,202,106.2,1.016,2.661,1.325,F,Y,,2020-12-16,7.09754,8.28307,2020-12-18,7.33251,,80.18017,,,,,,,
FF-YP-A-37,2020-10-02,Saint John River,FF,45.805451,-66.141779,Adult,Yellow Perch,223,219,151.6,1.193,5.067,1.632,F,Y,,2020-12-13,7.11465,10.93271,2020-12-16,7.86664,,80.3044,,,,,,,
FF-YP-A-38,2020-10-02,Saint John River,FF,45.805451,-66.141779,Adult,Yellow Perch,200,191,107.5,1.129,2.78,0.986,F,Y,,2020-10-25,7.08368,10.75547,2020-10-29,7.80448,,80.36925,2020-12-08,0.0103,15.188,0.015188,289.4687327,1474.5677,
FF-YP-A-39,2020-10-02,Saint John River,FF,45.805451,-66.141779,Adult,Yellow Perch,205,199,94.1,0.799,2.365,1.398,F,Y,,2020-12-16,7.08673,10.05382,2020-12-18,7.65939,,80.69961,,,,,,,
FF-YP-A-40,2020-10-02,Saint John River,FF,45.805451,-66.141779,Adult,Yellow Perch,166,159,48.3,0.273,3.153,,M,Y,,2020-10-25,7.11491,9.37566,2020-10-29,7.54143,,81.13369,2020-12-08,0.0104,16.523,0.016523,299.7385407,1588.7506,
FF-YP-A-41,2020-10-02,Saint John River,FF,45.805451,-66.141779,Adult,Yellow Perch,174,170,58.8,0.402,4.472,,M,Y,,2020-12-15,7.12694,7.83142,2020-12-18,7.26811,,79.96111,,,,,,,
FF-YP-A-42,2020-10-02,Saint John River,FF,45.805451,-66.141779,Adult,Yellow Perch,168,160,59.8,0.406,3.039,,M,Y,Many Parasites,2020-12-13,7.08404,10.77659,2020-12-16,7.79845,,80.65267,,,,,,,
FF-YP-A-43,2020-10-02,Saint John River,FF,45.805451,-66.141779,Adult,Yellow Perch,199,194,93.3,1.412,2.78,1.442,F,Y,,2020-12-13,7.14552,9.97509,2020-12-16,7.33594,,93.27036,,,,,,,
FF-YP-A-44,2020-10-02,Saint John River,FF,45.805451,-66.141779,Adult,Yellow Perch,182,164,68.1,0.44,5.754,,M,Y,,2020-12-16,7.10945,9.75857,2020-12-18,7.62141,,80.67434,,,,,,,
FF-YP-A-45,2020-10-02,Saint John River,FF,45.805451,-66.141779,Adult,Yellow Perch,175,169,54.4,0.315,2.98,,M,Y,,2020-12-15,7.10963,8.05462,2020-12-18,7.29285,,80.61144,,,,,,,
FF-YP-A-46,2020-10-02,Saint John River,FF,45.805451,-66.141779,Adult,Yellow Perch,179,171,66.8,0.795,1.854,1.854,F,Y,,,,,,,,,2020-12-01,0.0104,13.9515,0.0139515,,1341.491,
FF-YP-A-47-DUP,2020-10-02,Saint John River,FF,45.805451,-66.141779,Adult,Yellow Perch,198,194,77.4,0.725,2.234,1.301,F,Y,,,,,,,,,2020-12-09,0.0104,25.4957,0.0254957,,2451.512,
FF-YP-A-47,2020-10-02,Saint John River,FF,45.805451,-66.141779,Adult,Yellow Perch,198,194,77.4,0.725,2.234,1.301,F,Y,,2020-10-25,7.02332,10.02885,2020-10-29,7.55908,,82.17419,2020-12-09,0.0103,25.4381,0.0254381,440.246969,2469.7168,
FF-YP-A-48,2020-10-02,Saint John River,FF,45.805451,-66.141779,Adult,Yellow Perch,186,183,80.3,0.506,5.58,,M,Y,,2020-10-25,7.13434,8.90282,2020-10-29,7.49755,,79.46202,2020-11-25,0.0105,25.6684,0.0256684,502.0727812,2444.6069,
FF-YP-A-49,2020-10-02,Saint John River,FF,45.805451,-66.141779,Adult,Yellow Perch,193,184,93.6,1.241,3.285,0.993,F,Y,,2020-12-16,7.1149,11.09348,2020-12-18,7.8943,,80.4101,,,,,,,
FF-YP-A-50,2020-10-02,Saint John River,FF,45.805451,-66.141779,Adult,Yellow Perch,176,172,66.2,0.642,4.97,,M,Y,,2020-12-16,7.10156,9.06202,2020-12-18,7.49191,,80.08886,,,,,,,
FF-YP-A-51,2020-10-02,Saint John River,FF,45.805451,-66.141779,Adult,Yellow Perch,171,163,51.2,0.256,3.04,,M,Y,,2020-12-16,7.10114,10.19553,2020-12-18,7.65574,,82.07724,,,,,,,
FF-YP-A-52-DUP,2020-10-02,Saint John River,FF,45.805451,-66.141779,Adult,Yellow Perch,169,164,51.3,0.359,2.855,,M,Y,,,,,,,,,2020-12-08,0.0102,13.8588,0.0138588,,1358.7085,
FF-YP-A-52,2020-10-02,Saint John River,FF,45.805451,-66.141779,Adult,Yellow Perch,169,164,51.3,0.359,2.855,,M,Y,,2020-10-25,7.08477,8.46239,2020-10-29,7.34485,,81.12106,2020-12-08,0.0102,15.205,0.015205,281.4262621,1490.6892,
FF-YP-A-53,2020-10-02,Saint John River,FF,45.805451,-66.141779,Adult,Yellow Perch,160,152,46.2,0.232,2.624,,M,Y,,2020-12-15,7.08784,9.30948,2020-12-18,7.51588,,80.73315,,,,,,,
FF-YP-A-54,2020-10-02,Saint John River,FF,45.805451,-66.141779,Adult,Yellow Perch,209,200,96.8,1.105,3.324,1.179,F,Y,,2020-12-15,7.0772,9.31641,2020-12-18,7.50263,,81.00089,,,,,,,
FF-SMB-A-1,2020-10-02,Saint John River,FF,45.805451,-66.141779,Adult,Smallmouth Bass,490,470,1479,,,,F,N,"found dead, eggs dark, did not continue.",,,,,,,,,,,,,,
FF-SMB-A-2,2020-10-02,Saint John River,FF,45.805451,-66.141779,Adult,Smallmouth Bass,443,421,1134,17.996,29.681,1.531,F,Y,,2020-12-15,7.09686,10.6579,2020-12-18,7.84387,,79.0227,,,,,,,
NF-SMB-YOY-1,2020-09-08,Saint John River,NF,45.97149,-66.719803,YOY,Smallmouth Bass,65,62,3.6,,,,,Y,,,,,,,,,,,,,,,
NF-SMB-YOY-2,2020-09-08,Saint John River,NF,45.97149,-66.719803,YOY,Smallmouth Bass,63,60,3.9,,,,,Y,Tail damaged,,,,,,,,,,,,,,
NF-SMB-YOY-3,2020-09-08,Saint John River,NF,45.97149,-66.719803,YOY,Smallmouth Bass,82,68,4.4,,,,,Y,,,,,,,,,,,,,,,
NF-SMB-YOY-4,2020-09-08,Saint John River,NF,45.97149,-66.719803,YOY,Smallmouth Bass,73,69,4.5,,,,,Y,,,,,,,,,,,,,,,
NF-SMB-YOY-5,2020-09-08,Saint John River,NF,45.97149,-66.719803,YOY,Smallmouth Bass,89,84,8.7,,,,,Y,,,,,,,,,,,,,,,
NF-SMB-YOY-6,2020-09-08,Saint John River,NF,45.97149,-66.719803,YOY,Smallmouth Bass,86,82,8.4,,,,,Y,,,,,,,,,,,,,,,
NF-SMB-A-1,2020-09-08,Saint John River,NF,45.97149,-66.719803,YOY,Smallmouth Bass,104,99,14.6,,,,,Y,1 yr,,,,,,,,,,,,,,
NF-SMB-A-2,2020-09-08,Saint John River,NF,45.97149,-66.719803,YOY,Smallmouth Bass,109,104,15,,,,,Y,1 yr,,,,,,,,,,,,,,
NF-SMB-YOY-7,2020-09-08,Saint John River,NF,45.97149,-66.719803,YOY,Smallmouth Bass,79,76,7.4,,,,,N,,,,,,,,,,,,,,,
NF-SMB-YOY-8,2020-09-10,Saint John River,NF,45.97149,-66.719803,YOY,Smallmouth Bass,64,60,3.4,,,,,Y,,,,,,,,,,,,,,,
NF-SMB-YOY-9,2020-09-10,Saint John River,NF,45.97149,-66.719803,YOY,Smallmouth Bass,55,53,2.4,,,,,Y,,,,,,,,,,,,,,,
NF-SMB-YOY-10,2020-09-10,Saint John River,NF,45.97149,-66.719803,YOY,Smallmouth Bass,75,71,5.6,,,,,Y,,,,,,,,,,,,,,,
NF-SMB-YOY-11,2020-09-10,Saint John River,NF,45.97149,-66.719803,YOY,Smallmouth Bass,87,85,8.5,,,,,Y,,,,,,,,,,,,,,,
NF-SMB-YOY-12,2020-09-10,Saint John River,NF,45.97149,-66.719803,YOY,Smallmouth Bass,78,73,7.7,,,,,Y,,,,,,,,,,,,,,,
NF-SMB-YOY-13,2020-09-10,Saint John River,NF,45.97149,-66.719803,YOY,Smallmouth Bass,67,64,4,,,,,Y,,,,,,,,,,,,,,,
NF-SMB-YOY-14,2020-09-10,Saint John River,NF,45.97149,-66.719803,YOY,Smallmouth Bass,70,67,4.6,,,,,Y,,,,,,,,,,,,,,,
NF-SMB-YOY-15,2020-09-10,Saint John River,NF,45.97149,-66.719803,YOY,Smallmouth Bass,58,56,2.5,,,,,Y,,,,,,,,,,,,,,,
NF-SMB-YOY-16,2020-09-10,Saint John River,NF,45.97149,-66.719803,YOY,Smallmouth Bass,61,58,2.9,,,,,Y,,,,,,,,,,,,,,,
NF-SMB-YOY-17,2020-09-10,Saint John River,NF,45.97149,-66.719803,YOY,Smallmouth Bass,63,60,3.3,,,,,Y,,,,,,,,,,,,,,,
NF-SMB-YOY-18,2020-09-10,Saint John River,NF,45.97149,-66.719803,YOY,Smallmouth Bass,76,72,5.6,,,,,Y,,,,,,,,,,,,,,,
NF-SMB-YOY-19,2020-09-10,Saint John River,NF,45.97149,-66.719803,YOY,Smallmouth Bass,57,54,2.2,,,,,Y,,,,,,,,,,,,,,,
NF-SMB-YOY-20,2020-09-10,Saint John River,NF,45.97149,-66.719803,YOY,Smallmouth Bass,75,72,5.5,,,,,Y,,,,,,,,,,,,,,,
NF-SMB-YOY-21,2020-09-10,Saint John River,NF,45.97149,-66.719803,YOY,Smallmouth Bass,54,51,1.9,,,,,Y,,,,,,,,,,,,,,,
NF-SMB-YOY-22,2020-09-10,Saint John River,NF,45.97149,-66.719803,YOY,Smallmouth Bass,83,79,7.7,,,,,Y,,,,,,,,,,,,,,,
NF-SMB-YOY-23,2020-09-10,Saint John River,NF,45.97149,-66.719803,YOY,Smallmouth Bass,64,61,3.3,,,,,Y,,,,,,,,,,,,,,,
NF-SMB-YOY-24,2020-09-10,Saint John River,NF,45.97149,-66.719803,YOY,Smallmouth Bass,65,62,3.7,,,,,Y,,,,,,,,,,,,,,,
NF-SMB-YOY-25,2020-09-10,Saint John River,NF,45.97149,-66.719803,YOY,Smallmouth Bass,77,73,5.1,,,,,Y,,,,,,,,,,,,,,,
NF-YP-YOY-1,2020-09-10,Saint John River,NF,45.97149,-66.719803,YOY,Yellow Perch,102,97,12.7,,,,,N,1 yr,,,,,,,,,,,,,,
NF-YP-YOY-2,2020-09-10,Saint John River,NF,45.97149,-66.719803,YOY,Yellow Perch,90,85,8.7,,,,,N,1 yr,,,,,,,,,,,,,,
REF-SMB-YOY-1,2020-09-11,Saint John River,REF,46.18625,-67.554377,YOY,Smallmouth Bass,100,95,14.1,,,,,Y,,,,,,,,,,,,,,,
REF-SMB-YOY-2,2020-09-11,Saint John River,REF,46.18625,-67.554377,YOY,Smallmouth Bass,84,80,7.5,,,,,Y,,,,,,,,,,,,,,,
REF-SMB-YOY-3,2020-09-11,Saint John River,REF,46.18625,-67.554377,YOY,Smallmouth Bass,76,72,5.7,,,,,Y,,,,,,,,,,,,,,,
REF-SMB-YOY-4,2020-09-11,Saint John River,REF,46.18625,-67.554377,YOY,Smallmouth Bass,86,82,9.1,,,,,Y,,,,,,,,,,,,,,,
REF-SMB-YOY-5,2020-09-11,Saint John River,REF,46.18625,-67.554377,YOY,Smallmouth Bass,74,70,5.5,,,,,Y,,,,,,,,,,,,,,,
REF-SMB-YOY-6,2020-09-11,Saint John River,REF,46.18625,-67.554377,YOY,Smallmouth Bass,75,71,5.7,,,,,Y,,,,,,,,,,,,,,,
REF-SMB-YOY-7,2020-09-11,Saint John River,REF,46.18625,-67.554377,YOY,Smallmouth Bass,73,70,5.8,,,,,Y,,,,,,,,,,,,,,,
REF-SMB-YOY-8,2020-09-11,Saint John River,REF,46.18625,-67.554377,YOY,Smallmouth Bass,80,77,7,,,,,Y,,,,,,,,,,,,,,,
REF-SMB-YOY-9,2020-09-11,Saint John River,REF,46.18625,-67.554377,YOY,Smallmouth Bass,95,90,11.3,,,,,Y,,,,,,,,,,,,,,,
REF-SMB-YOY-10,2020-09-11,Saint John River,REF,46.18625,-67.554377,YOY,Smallmouth Bass,73,71,4.8,,,,,Y,,,,,,,,,,,,,,,
REF-SMB-YOY-11,2020-09-11,Saint John River,REF,46.18625,-67.554377,YOY,Smallmouth Bass,69,65,4.6,,,,,Y,,,,,,,,,,,,,,,
REF-SMB-YOY-12,2020-09-11,Saint John River,REF,46.18625,-67.554377,YOY,Smallmouth Bass,86,82,7.9,,,,,Y,,,,,,,,,,,,,,,
REF-SMB-YOY-13,2020-09-11,Saint John River,REF,46.18625,-67.554377,YOY,Smallmouth Bass,66,63,3.8,,,,,Y,,,,,,,,,,,,,,,
REF-SMB-YOY-14,2020-09-11,Saint John River,REF,46.18625,-67.554377,YOY,Smallmouth Bass,62,60,3.3,,,,,Y,,,,,,,,,,,,,,,
REF-SMB-YOY-15,2020-09-11,Saint John River,REF,46.18625,-67.554377,YOY,Smallmouth Bass,75,72,5.6,,,,,Y,,,,,,,,,,,,,,,
REF-YP-YOY-1,2020-09-11,Saint John River,REF,46.18625,-67.554377,YOY,Yellow Perch,68,64,3.1,,,,,Y,,,,,,,,,,,,,,,
REF-YP-YOY-2,2020-09-11,Saint John River,REF,46.18625,-67.554377,YOY,Yellow Perch,66,63,3.1,,,,,Y,,,,,,,,,,,,,,,
REF-YP-YOY-3,2020-09-11,Saint John River,REF,46.18625,-67.554377,YOY,Yellow Perch,75,72,4.4,,,,,Y,,,,,,,,,,,,,,,
REF-YP-YOY-4,2020-09-11,Saint John River,REF,46.18625,-67.554377,YOY,Yellow Perch,74,71,4.9,,,,,Y,,,,,,,,,,,,,,,
REF-YP-YOY-5,2020-09-11,Saint John River,REF,46.18625,-67.554377,YOY,Yellow Perch,74,71,4.6,,,,,Y,,,,,,,,,,,,,,,
REF-YP-YOY-6,2020-09-11,Saint John River,REF,46.18625,-67.554377,YOY,Yellow Perch,79,76,5.1,,,,,Y,,,,,,,,,,,,,,,
REF-YP-YOY-7,2020-09-11,Saint John River,REF,46.18625,-67.554377,YOY,Yellow Perch,75,71,4.2,,,,,Y,,,,,,,,,,,,,,,
REF-YP-YOY-8,2020-09-11,Saint John River,REF,46.18625,-67.554377,YOY,Yellow Perch,64,61,3,,,,,Y,,,,,,,,,,,,,,,
REF-YP-YOY-9,2020-09-11,Saint John River,REF,46.18625,-67.554377,YOY,Yellow Perch,72,68,4.2,,,,,Y,,,,,,,,,,,,,,,
REF-YP-YOY-10,2020-09-11,Saint John River,REF,46.18625,-67.554377,YOY,Yellow Perch,77,73,4.9,,,,,Y,,,,,,,,,,,,,,,
REF-YP-YOY-11,2020-09-11,Saint John River,REF,46.18625,-67.554377,YOY,Yellow Perch,71,68,4,,,,,Y,,,,,,,,,,,,,,,
REF-YP-YOY-12,2020-09-11,Saint John River,REF,46.18625,-67.554377,YOY,Yellow Perch,81,77,5.5,,,,,Y,,,,,,,,,,,,,,,
REF-YP-YOY-13,2020-09-11,Saint John River,REF,46.18625,-67.554377,YOY,Yellow Perch,72,68,3.8,,,,,Y,,,,,,,,,,,,,,,
REF-YP-YOY-14,2020-09-11,Saint John River,REF,46.18625,-67.554377,YOY,Yellow Perch,66,64,3,,,,,Y,,,,,,,,,,,,,,,
REF-YP-YOY-15,2020-09-11,Saint John River,REF,46.18625,-67.554377,YOY,Yellow Perch,80,76,5.9,,,,,Y,,,,,,,,,,,,,,,
REF-YP-YOY-16,2020-09-11,Saint John River,REF,46.18625,-67.554377,YOY,Yellow Perch,86,83,6.6,,,,,Y,,,,,,,,,,,,,,,
REF-YP-YOY-17,2020-09-11,Saint John River,REF,46.18625,-67.554377,YOY,Yellow Perch,129,124,18.3,,,,,Y,1 yr,,,,,,,,,,,,,,
REF-YP-YOY-18,2020-09-11,Saint John River,REF,46.18625,-67.554377,YOY,Yellow Perch,141,135,25.9,,,,,Y,1 yr,,,,,,,,,,,,,,
REF-SMB-YOY-16,2020-09-21,Saint John River,REF,46.18625,-67.554377,YOY,Smallmouth Bass,87,85,2.3,,,,,N,Weight likely wrong,,,,,,,,,,,,,,
REF-SMB-YOY-17,2020-09-21,Saint John River,REF,46.18625,-67.554377,YOY,Smallmouth Bass,57,54,2.3,,,,,N,,,,,,,,,,,,,,,
REF-SMB-YOY-18,2020-09-21,Saint John River,REF,46.18625,-67.554377,YOY,Smallmouth Bass,78,75,5.3,,,,,N,,,,,,,,,,,,,,,
REF-SMB-YOY-19,2020-09-21,Saint John River,REF,46.18625,-67.554377,YOY,Smallmouth Bass,74,70,3.7,,,,,N,,,,,,,,,,,,,,,
REF-SMB-YOY-20,2020-09-21,Saint John River,REF,46.18625,-67.554377,YOY,Smallmouth Bass,83,79,6.4,,,,,N,,,,,,,,,,,,,,,
REF-SMB-YOY-21,2020-09-21,Saint John River,REF,46.18625,-67.554377,YOY,Smallmouth Bass,86,81,7.1,,,,,N,,,,,,,,,,,,,,,
REF-SMB-YOY-22,2020-09-21,Saint John River,REF,46.18625,-67.554377,YOY,Smallmouth Bass,91,86,8.9,,,,,N,,,,,,,,,,,,,,,
REF-SMB-YOY-23,2020-09-21,Saint John River,REF,46.18625,-67.554377,YOY,Smallmouth Bass,81,78,6.1,,,,,N,,,,,,,,,,,,,,,
REF-SMB-YOY-24,2020-09-21,Saint John River,REF,46.18625,-67.554377,YOY,Smallmouth Bass,88,84,7.7,,,,,N,,,,,,,,,,,,,,,
REF-SMB-YOY-25,2020-09-21,Saint John River,REF,46.18625,-67.554377,YOY,Smallmouth Bass,89,85,8.8,,,,,N,,,,,,,,,,,,,,,
REF-SMB-YOY-26,2020-09-21,Saint John River,REF,46.18625,-67.554377,YOY,Smallmouth Bass,92,88,9.7,,,,,N,,,,,,,,,,,,,,,
REF-SMB-YOY-27,2020-09-21,Saint John River,REF,46.18625,-67.554377,YOY,Smallmouth Bass,99,95,12,,,,,N,,,,,,,,,,,,,,,
REF-YP-YOY-19,2020-09-21,Saint John River,REF,46.18625,-67.554377,YOY,Yellow Perch,74,70,3.9,,,,,N,,,,,,,,,,,,,,,
REF-YP-YOY-20,2020-09-21,Saint John River,REF,46.18625,-67.554377,YOY,Yellow Perch,72,68,3.8,,,,,N,,,,,,,,,,,,,,,
REF-YP-YOY-21,2020-09-21,Saint John River,REF,46.18625,-67.554377,YOY,Yellow Perch,81,78,4.8,,,,,N,,,,,,,,,,,,,,,
REF-YP-YOY-22,2020-09-21,Saint John River,REF,46.18625,-67.554377,YOY,Yellow Perch,73,70,3.9,,,,,N,,,,,,,,,,,,,,,
REF-YP-YOY-23,2020-09-21,Saint John River,REF,46.18625,-67.554377,YOY,Yellow Perch,76,71,4.2,,,,,N,,,,,,,,,,,,,,,
REF-YP-YOY-24,2020-09-21,Saint John River,REF,46.18625,-67.554377,YOY,Yellow Perch,71,68,3.2,,,,,N,,,,,,,,,,,,,,,
REF-YP-YOY-25,2020-09-21,Saint John River,REF,46.18625,-67.554377,YOY,Yellow Perch,75,71,4.1,,,,,N,,,,,,,,,,,,,,,
REF-YP-YOY-26,2020-09-21,Saint John River,REF,46.18625,-67.554377,YOY,Yellow Perch,64,62,2.4,,,,,N,,,,,,,,,,,,,,,
REF-YP-YOY-27,2020-09-21,Saint John River,REF,46.18625,-67.554377,YOY,Yellow Perch,75,71,3.8,,,,,N,,,,,,,,,,,,,,,
REF-YP-YOY-28,2020-09-21,Saint John River,REF,46.18625,-67.554377,YOY,Yellow Perch,74,70,3.9,,,,,N,,,,,,,,,,,,,,,
FF-YP-YOY-1,2020-10-01,Saint John River,FF,45.805451,-66.141779,YOY,Yellow Perch,63,58,2.1,,,,,N,,,,,,,,,,,,,,,
FF-YP-YOY-2,2020-10-01,Saint John River,FF,45.805451,-66.141779,YOY,Yellow Perch,71,67,3.2,,,,,N,,,,,,,,,,,,,,,
FF-YP-YOY-3,2020-10-01,Saint John River,FF,45.805451,-66.141779,YOY,Yellow Perch,63,60,2.8,,,,,N,,,,,,,,,,,,,,,
FF-YP-YOY-4,2020-10-01,Saint John River,FF,45.805451,-66.141779,YOY,Yellow Perch,71,68,3.6,,,,,N,,,,,,,,,,,,,,,
FF-YP-YOY-5,2020-10-01,Saint John River,FF,45.805451,-66.141779,YOY,Yellow Perch,71,67,3.5,,,,,N,,,,,,,,,,,,,,,
FF-YP-YOY-6,2020-10-01,Saint John River,FF,45.805451,-66.141779,YOY,Yellow Perch,76,72,4.5,,,,,N,,,,,,,,,,,,,,,
FF-YP-YOY-7,2020-10-01,Saint John River,FF,45.805451,-66.141779,YOY,Yellow Perch,63,60,2.1,,,,,N,,,,,,,,,,,,,,,
FF-YP-YOY-8,2020-10-01,Saint John River,FF,45.805451,-66.141779,YOY,Yellow Perch,73,68,3,,,,,N,,,,,,,,,,,,,,,
FF-YP-YOY-9,2020-10-01,Saint John River,FF,45.805451,-66.141779,YOY,Yellow Perch,71,68,3.5,,,,,N,,,,,,,,,,,,,,,
FF-YP-YOY-10,2020-10-01,Saint John River,FF,45.805451,-66.141779,YOY,Yellow Perch,65,62,2.8,,,,,N,,,,,,,,,,,,,,,
FF-YP-YOY-11,2020-10-01,Saint John River,FF,45.805451,-66.141779,YOY,Yellow Perch,73,68,3.9,,,,,Y,,,,,,,,,,,,,,,
FF-YP-YOY-12,2020-10-01,Saint John River,FF,45.805451,-66.141779,YOY,Yellow Perch,61,58,2.6,,,,,Y,,,,,,,,,,,,,,,
FF-YP-YOY-13,2020-10-01,Saint John River,FF,45.805451,-66.141779,YOY,Yellow Perch,69,65,3.5,,,,,Y,,,,,,,,,,,,,,,
FF-YP-YOY-14,2020-10-01,Saint John River,FF,45.805451,-66.141779,YOY,Yellow Perch,66,63,3,,,,,Y,,,,,,,,,,,,,,,
FF-YP-YOY-15,2020-10-01,Saint John River,FF,45.805451,-66.141779,YOY,Yellow Perch,64,61,3.1,,,,,Y,,,,,,,,,,,,,,,
FF-YP-YOY-16,2020-10-01,Saint John River,FF,45.805451,-66.141779,YOY,Yellow Perch,70,67,3.7,,,,,Y,,,,,,,,,,,,,,,
FF-YP-YOY-17,2020-10-01,Saint John River,FF,45.805451,-66.141779,YOY,Yellow Perch,69,65,3.6,,,,,Y,,,,,,,,,,,,,,,
FF-YP-YOY-18,2020-10-01,Saint John River,FF,45.805451,-66.141779,YOY,Yellow Perch,65,62,3,,,,,Y,,,,,,,,,,,,,,,
FF-YP-YOY-19,2020-10-01,Saint John River,FF,45.805451,-66.141779,YOY,Yellow Perch,55,53,1.7,,,,,Y,,,,,,,,,,,,,,,
FF-YP-YOY-20,2020-10-01,Saint John River,FF,45.805451,-66.141779,YOY,Yellow Perch,77,72,5,,,,,Y,,,,,,,,,,,,,,,
FF-YP-YOY-21,2020-10-01,Saint John River,FF,45.805451,-66.141779,YOY,Yellow Perch,63,60,2.7,,,,,Y,,,,,,,,,,,,,,,
FF-YP-YOY-22,2020-10-01,Saint John River,FF,45.805451,-66.141779,YOY,Yellow Perch,60,56,2.4,,,,,Y,,,,,,,,,,,,,,,
FF-YP-YOY-23,2020-10-01,Saint John River,FF,45.805451,-66.141779,YOY,Yellow Perch,73,69,4,,,,,Y,,,,,,,,,,,,,,,
FF-YP-YOY-24,2020-10-01,Saint John River,FF,45.805451,-66.141779,YOY,Yellow Perch,72,69,4.1,,,,,Y,,,,,,,,,,,,,,,
FF-YP-YOY-25,2020-10-01,Saint John River,FF,45.805451,-66.141779,YOY,Yellow Perch,69,66,3.4,,,,,Y,,,,,,,,,,,,,,,
FF-YP-YOY-26,2020-10-01,Saint John River,FF,45.805451,-66.141779,YOY,Yellow Perch,60,57,2.4,,,,,N,,,,,,,,,,,,,,,
FF-YP-YOY-27,2020-10-01,Saint John River,FF,45.805451,-66.141779,YOY,Yellow Perch,61,57,2.2,,,,,N,,,,,,,,,,,,,,,
FF-YP-YOY-28,2020-10-01,Saint John River,FF,45.805451,-66.141779,YOY,Yellow Perch,69,65,3.7,,,,,N,,,,,,,,,,,,,,,
FF-YP-YOY-29,2020-10-01,Saint John River,FF,45.805451,-66.141779,YOY,Yellow Perch,63,60,2.7,,,,,N,,,,,,,,,,,,,,,
FF-YP-YOY-30,2020-10-01,Saint John River,FF,45.805451,-66.141779,YOY,Yellow Perch,70,67,4,,,,,N,,,,,,,,,,,,,,,